{"type": "block", "layer": 0, "block": 86, "features": [{"geom": {"triangles": {"v": [282.7983250738471, -451.2278503974667, 1.996000051498413, 274.2787938238471, -445.2591003974667, 1.996000051498413, 285.6967625738471, -441.6184753974667, 1.996000051498413, 288.2787938238471, -443.4153503974667, 1.996000051498413, 285.0170750738471, -429.9466003974667, 1.996000051498413, 290.9584813238471, -434.1184753974667, 1.996000051498413, 285.6967625738471, -441.6184753974667, 6.956999778747559, 288.2787938238471, -443.4153503974667, 6.956999778747559, 290.9584813238471, -434.1184753974667, 6.956999778747559, 285.0170750738471, -429.9466003974667, 6.956999778747559, 274.2787938238471, -445.2591003974667, 6.956999778747559, 282.7983250738471, -451.2278503974667, 6.956999778747559, 274.2787938238471, -445.2591003974667, 6.957000255584717, 282.7983250738471, -451.2278503974667, 6.957000255584717], "f": [0, 1, 2, 0, 2, 3, 1, 4, 2, 2, 4, 5, 3, 2, 6, 3, 6, 7, 6, 5, 8, 6, 2, 5, 5, 4, 9, 5, 9, 8, 4, 1, 10, 4, 10, 9, 10, 0, 11, 10, 1, 0, 11, 3, 7, 11, 0, 3, 9, 12, 6, 9, 6, 8, 6, 12, 13, 7, 6, 13]}, "centroids": [[282.91281014834385, -440.90441876184195, 1.996000051498413]]}, "mtl": {"idx": 0}}, {"geom": {"triangles": {"v": [-1286.842299926153, 850.4283996025333, 0.5370000004768372, -1286.928237426153, 868.5221496025333, 0.5370000004768372, -1284.436049926153, 869.1940246025333, 0.5370000004768372, -1278.721206176153, 850.4752746025333, 0.5370000004768372, -1278.197768676153, 869.2096496025333, 0.5370000004768372, -1284.439956176153, 869.8033996025333, 0.5370000004768372, -1278.197768676153, 869.2096496025333, 4.169000148773193, -1278.721206176153, 850.4752746025333, 4.169000148773193, -1284.439956176153, 869.8033996025333, 4.169000148773193, -1284.436049926153, 869.1940246025333, 4.169000148773193, -1286.928237426153, 868.5221496025333, 4.169000148773193, -1286.842299926153, 850.4283996025333, 4.169000148773193], "f": [0, 1, 2, 0, 2, 3, 3, 2, 4, 2, 5, 4, 6, 7, 3, 6, 3, 4, 5, 6, 4, 5, 8, 6, 8, 2, 9, 8, 5, 2, 1, 9, 2, 1, 10, 9, 10, 0, 11, 10, 1, 0, 11, 3, 7, 11, 0, 3, 9, 10, 11, 7, 9, 11, 9, 7, 6, 8, 9, 6]}, "centroids": [[-1282.650791963366, 860.0058110957616, 0.5370000004768372]]}, "mtl": {"idx": 0}}], "featureCount": 2, "startIndex": 4300}