{"type": "block", "layer": 0, "block": 86, "features": [{"geom": {"triangles": {"v": [-84.88083763320901, -411.4642916553421, 1.996000051498413, -93.40036888320901, -405.4955416553421, 1.996000051498413, -81.98240013320901, -401.8549166553421, 1.996000051498413, -79.40036888320901, -403.6517916553421, 1.996000051498413, -82.66208763320901, -390.1830416553421, 1.996000051498413, -76.72068138320901, -394.3549166553421, 1.996000051498413, -81.98240013320901, -401.8549166553421, 6.956999778747559, -79.40036888320901, -403.6517916553421, 6.956999778747559, -76.72068138320901, -394.3549166553421, 6.956999778747559, -82.66208763320901, -390.1830416553421, 6.956999778747559, -93.40036888320901, -405.4955416553421, 6.956999778747559, -84.88083763320901, -411.4642916553421, 6.956999778747559, -93.40036888320901, -405.4955416553421, 6.957000255584717, -84.88083763320901, -411.4642916553421, 6.957000255584717], "f": [0, 1, 2, 0, 2, 3, 1, 4, 2, 2, 4, 5, 3, 2, 6, 3, 6, 7, 6, 5, 8, 6, 2, 5, 5, 4, 9, 5, 9, 8, 4, 1, 10, 4, 10, 9, 10, 0, 11, 10, 1, 0, 11, 3, 7, 11, 0, 3, 9, 12, 6, 9, 6, 8, 6, 12, 13, 7, 6, 13]}, "centroids": [[-84.76635255871224, -401.14086001971737, 1.996000051498413]]}, "mtl": {"idx": 0}}, {"geom": {"triangles": {"v": [-1654.521462633209, 890.1919583446579, 0.5370000004768372, -1654.607400133209, 908.2857083446579, 0.5370000004768372, -1652.115212633209, 908.9575833446579, 0.5370000004768372, -1646.400368883209, 890.2388333446579, 0.5370000004768372, -1645.876931383209, 908.9732083446579, 0.5370000004768372, -1652.119118883209, 909.5669583446579, 0.5370000004768372, -1645.876931383209, 908.9732083446579, 4.169000148773193, -1646.400368883209, 890.2388333446579, 4.169000148773193, -1652.119118883209, 909.5669583446579, 4.169000148773193, -1652.115212633209, 908.9575833446579, 4.169000148773193, -1654.607400133209, 908.2857083446579, 4.169000148773193, -1654.521462633209, 890.1919583446579, 4.169000148773193], "f": [0, 1, 2, 0, 2, 3, 3, 2, 4, 2, 5, 4, 6, 7, 3, 6, 3, 4, 5, 6, 4, 5, 8, 6, 8, 2, 9, 8, 5, 2, 1, 9, 2, 1, 10, 9, 10, 0, 11, 10, 1, 0, 11, 3, 7, 11, 0, 3, 9, 10, 11, 7, 9, 11, 9, 7, 6, 8, 9, 6]}, "centroids": [[-1650.329954670422, 899.7693698378862, 0.5370000004768372]]}, "mtl": {"idx": 0}}], "featureCount": 2, "startIndex": 4300}