{"type": "block", "layer": 1, "block": 86, "features": [{"geom": {"triangles": {"v": [-93.61372665085219, -386.5436210412008, 1.996000051498413, -102.13325790085219, -380.5748710412008, 1.996000051498413, -90.71528915085219, -376.9342460412008, 1.996000051498413, -88.13325790085219, -378.7311210412008, 1.996000051498413, -91.39497665085219, -365.2623710412008, 1.996000051498413, -85.45357040085219, -369.4342460412008, 1.996000051498413, -90.71528915085219, -376.9342460412008, 6.956999778747559, -88.13325790085219, -378.7311210412008, 6.956999778747559, -85.45357040085219, -369.4342460412008, 6.956999778747559, -91.39497665085219, -365.2623710412008, 6.956999778747559, -102.13325790085219, -380.5748710412008, 6.956999778747559, -93.61372665085219, -386.5436210412008, 6.956999778747559, -102.13325790085219, -380.5748710412008, 6.957000255584717, -93.61372665085219, -386.5436210412008, 6.957000255584717], "f": [0, 1, 2, 0, 2, 3, 1, 4, 2, 2, 4, 5, 3, 2, 6, 3, 6, 7, 6, 5, 8, 6, 2, 5, 5, 4, 9, 5, 9, 8, 4, 1, 10, 4, 10, 9, 10, 0, 11, 10, 1, 0, 11, 3, 7, 11, 0, 3, 9, 12, 6, 9, 6, 8, 6, 12, 13, 7, 6, 13]}, "centroids": [[-93.49924157635542, -376.2201894055761, 1.996000051498413]]}, "mtl": {"idx": 0}}], "featureCount": 1, "startIndex": 4300}