{"type": "block", "layer": 0, "block": 86, "features": [{"geom": {"triangles": {"v": [-115.89019682943763, -434.1587370475754, 1.996000051498413, -124.40972807943763, -428.1899870475754, 1.996000051498413, -112.99175932943763, -424.5493620475754, 1.996000051498413, -110.40972807943763, -426.3462370475754, 1.996000051498413, -113.67144682943763, -412.8774870475754, 1.996000051498413, -107.73004057943763, -417.0493620475754, 1.996000051498413, -112.99175932943763, -424.5493620475754, 6.956999778747559, -110.40972807943763, -426.3462370475754, 6.956999778747559, -107.73004057943763, -417.0493620475754, 6.956999778747559, -113.67144682943763, -412.8774870475754, 6.956999778747559, -124.40972807943763, -428.1899870475754, 6.956999778747559, -115.89019682943763, -434.1587370475754, 6.956999778747559, -124.40972807943763, -428.1899870475754, 6.957000255584717, -115.89019682943763, -434.1587370475754, 6.957000255584717], "f": [0, 1, 2, 0, 2, 3, 1, 4, 2, 2, 4, 5, 3, 2, 6, 3, 6, 7, 6, 5, 8, 6, 2, 5, 5, 4, 9, 5, 9, 8, 4, 1, 10, 4, 10, 9, 10, 0, 11, 10, 1, 0, 11, 3, 7, 11, 0, 3, 9, 12, 6, 9, 6, 8, 6, 12, 13, 7, 6, 13]}, "centroids": [[-115.77571175494086, -423.8353054119507, 1.996000051498413]]}, "mtl": {"idx": 0}}, {"geom": {"triangles": {"v": [-1685.5308218294376, 867.4975129524246, 0.5370000004768372, -1685.6167593294376, 885.5912629524246, 0.5370000004768372, -1683.1245718294376, 886.2631379524246, 0.5370000004768372, -1677.4097280794376, 867.5443879524246, 0.5370000004768372, -1676.8862905794376, 886.2787629524246, 0.5370000004768372, -1683.1284780794376, 886.8725129524246, 0.5370000004768372, -1676.8862905794376, 886.2787629524246, 4.169000148773193, -1677.4097280794376, 867.5443879524246, 4.169000148773193, -1683.1284780794376, 886.8725129524246, 4.169000148773193, -1683.1245718294376, 886.2631379524246, 4.169000148773193, -1685.6167593294376, 885.5912629524246, 4.169000148773193, -1685.5308218294376, 867.4975129524246, 4.169000148773193], "f": [0, 1, 2, 0, 2, 3, 3, 2, 4, 2, 5, 4, 6, 7, 3, 6, 3, 4, 5, 6, 4, 5, 8, 6, 8, 2, 9, 8, 5, 2, 1, 9, 2, 1, 10, 9, 10, 0, 11, 10, 1, 0, 11, 3, 7, 11, 0, 3, 9, 10, 11, 7, 9, 11, 9, 7, 6, 8, 9, 6]}, "centroids": [[-1681.3393138666506, 877.0749244456529, 0.5370000004768372]]}, "mtl": {"idx": 0}}], "featureCount": 2, "startIndex": 4300}