{"type": "block", "layer": 0, "block": 86, "features": [{"geom": {"triangles": {"v": [156.03499605443358, -444.46098703693133, 1.996000051498413, 147.51546480443358, -438.49223703693133, 1.996000051498413, 158.93343355443358, -434.85161203693133, 1.996000051498413, 161.51546480443358, -436.64848703693133, 1.996000051498413, 158.25374605443358, -423.17973703693133, 1.996000051498413, 164.19515230443358, -427.35161203693133, 1.996000051498413, 158.93343355443358, -434.85161203693133, 6.956999778747559, 161.51546480443358, -436.64848703693133, 6.956999778747559, 164.19515230443358, -427.35161203693133, 6.956999778747559, 158.25374605443358, -423.17973703693133, 6.956999778747559, 147.51546480443358, -438.49223703693133, 6.956999778747559, 156.03499605443358, -444.46098703693133, 6.956999778747559, 147.51546480443358, -438.49223703693133, 6.957000255584717, 156.03499605443358, -444.46098703693133, 6.957000255584717], "f": [0, 1, 2, 0, 2, 3, 1, 4, 2, 2, 4, 5, 3, 2, 6, 3, 6, 7, 6, 5, 8, 6, 2, 5, 5, 4, 9, 5, 9, 8, 4, 1, 10, 4, 10, 9, 10, 0, 11, 10, 1, 0, 11, 3, 7, 11, 0, 3, 9, 12, 6, 9, 6, 8, 6, 12, 13, 7, 6, 13]}, "centroids": [[156.14948112893035, -434.1375554013066, 1.996000051498413]]}, "mtl": {"idx": 0}}, {"geom": {"triangles": {"v": [-1413.6056289455664, 857.1952629630687, 0.5370000004768372, -1413.6915664455664, 875.2890129630687, 0.5370000004768372, -1411.1993789455664, 875.9608879630687, 0.5370000004768372, -1405.4845351955664, 857.2421379630687, 0.5370000004768372, -1404.9610976955664, 875.9765129630687, 0.5370000004768372, -1411.2032851955664, 876.5702629630687, 0.5370000004768372, -1404.9610976955664, 875.9765129630687, 4.169000148773193, -1405.4845351955664, 857.2421379630687, 4.169000148773193, -1411.2032851955664, 876.5702629630687, 4.169000148773193, -1411.1993789455664, 875.9608879630687, 4.169000148773193, -1413.6915664455664, 875.2890129630687, 4.169000148773193, -1413.6056289455664, 857.1952629630687, 4.169000148773193], "f": [0, 1, 2, 0, 2, 3, 3, 2, 4, 2, 5, 4, 6, 7, 3, 6, 3, 4, 5, 6, 4, 5, 8, 6, 8, 2, 9, 8, 5, 2, 1, 9, 2, 1, 10, 9, 10, 0, 11, 10, 1, 0, 11, 3, 7, 11, 0, 3, 9, 10, 11, 7, 9, 11, 9, 7, 6, 8, 9, 6]}, "centroids": [[-1409.4141209827794, 866.772674456297, 0.5370000004768372]]}, "mtl": {"idx": 0}}], "featureCount": 2, "startIndex": 4300}