{"type": "block", "layer": 0, "block": 86, "features": [{"geom": {"triangles": {"v": [407.7312273329153, -450.1005320448603, 1.996000051498413, 399.2116960829153, -444.1317820448603, 1.996000051498413, 410.6296648329153, -440.4911570448603, 1.996000051498413, 413.2116960829153, -442.2880320448603, 1.996000051498413, 409.9499773329153, -428.8192820448603, 1.996000051498413, 415.8913835829153, -432.9911570448603, 1.996000051498413, 410.6296648329153, -440.4911570448603, 6.956999778747559, 413.2116960829153, -442.2880320448603, 6.956999778747559, 415.8913835829153, -432.9911570448603, 6.956999778747559, 409.9499773329153, -428.8192820448603, 6.956999778747559, 399.2116960829153, -444.1317820448603, 6.956999778747559, 407.7312273329153, -450.1005320448603, 6.956999778747559, 399.2116960829153, -444.1317820448603, 6.957000255584717, 407.7312273329153, -450.1005320448603, 6.957000255584717], "f": [0, 1, 2, 0, 2, 3, 1, 4, 2, 2, 4, 5, 3, 2, 6, 3, 6, 7, 6, 5, 8, 6, 2, 5, 5, 4, 9, 5, 9, 8, 4, 1, 10, 4, 10, 9, 10, 0, 11, 10, 1, 0, 11, 3, 7, 11, 0, 3, 9, 12, 6, 9, 6, 8, 6, 12, 13, 7, 6, 13]}, "centroids": [[407.84571240741207, -439.7771004092356, 1.996000051498413]]}, "mtl": {"idx": 0}}, {"geom": {"triangles": {"v": [-1161.9093976670847, 851.5557179551397, 0.5370000004768372, -1161.9953351670847, 869.6494679551397, 0.5370000004768372, -1159.5031476670847, 870.3213429551397, 0.5370000004768372, -1153.7883039170847, 851.6025929551397, 0.5370000004768372, -1153.2648664170847, 870.3369679551397, 0.5370000004768372, -1159.5070539170847, 870.9307179551397, 0.5370000004768372, -1153.2648664170847, 870.3369679551397, 4.169000148773193, -1153.7883039170847, 851.6025929551397, 4.169000148773193, -1159.5070539170847, 870.9307179551397, 4.169000148773193, -1159.5031476670847, 870.3213429551397, 4.169000148773193, -1161.9953351670847, 869.6494679551397, 4.169000148773193, -1161.9093976670847, 851.5557179551397, 4.169000148773193], "f": [0, 1, 2, 0, 2, 3, 3, 2, 4, 2, 5, 4, 6, 7, 3, 6, 3, 4, 5, 6, 4, 5, 8, 6, 8, 2, 9, 8, 5, 2, 1, 9, 2, 1, 10, 9, 10, 0, 11, 10, 1, 0, 11, 3, 7, 11, 0, 3, 9, 10, 11, 7, 9, 11, 9, 7, 6, 8, 9, 6]}, "centroids": [[-1157.7178897042977, 861.133129448368, 0.5370000004768372]]}, "mtl": {"idx": 0}}], "featureCount": 2, "startIndex": 4300}