{"type": "block", "layer": 1, "block": 3, "features": [{"geom": {"triangles": {"v": [-630.9172101670847, 2533.2119679551397, 0.9409999847412109, -633.4289289170847, 2534.0713429551397, 0.9409999847412109, -627.2765851670847, 2543.8682179551397, 0.9409999847412109, -629.7765851670847, 2544.7275929551397, 0.9409999847412109, -629.7765851670847, 2544.7275929551397, 3.940999984741211, -633.4289289170847, 2534.0713429551397, 3.940999984741211, -630.9172101670847, 2533.2119679551397, 3.940999984741211, -627.2765851670847, 2543.8682179551397, 3.940999984741211], "f": [0, 1, 2, 1, 3, 2, 1, 4, 3, 1, 5, 4, 5, 0, 6, 5, 1, 0, 6, 2, 7, 6, 0, 2, 3, 7, 2, 3, 4, 7, 4, 5, 7, 5, 6, 7]}, "centroids": [[-630.3511680749216, 2538.9669366216986, 0.9409999847412109]]}, "mtl": {"idx": 0}}, {"geom": {"triangles": {"v": [-694.5656476670847, 2498.6025929551397, 1.149999976158142, -695.7765851670847, 2499.1182179551397, 1.149999976158142, -694.8468976670847, 2501.3057179551397, 1.149999976158142, -690.1672101670847, 2499.2900929551397, 1.149999976158142, -691.8859601670847, 2495.2744679551397, 1.149999976158142, -695.3586164170847, 2496.7588429551397, 1.149999976158142, -694.8468976670847, 2501.3057179551397, 5.339870929718018, -695.7765851670847, 2499.1182179551397, 5.339870929718018, -694.5656476670847, 2498.6025929551397, 5.339870929718018, -695.3586164170847, 2496.7588429551397, 5.339870929718018, -691.8859601670847, 2495.2744679551397, 5.339870929718018, -690.1672101670847, 2499.2900929551397, 5.339870929718018], "f": [0, 1, 2, 3, 0, 2, 4, 0, 3, 5, 0, 4, 1, 6, 2, 1, 7, 6, 8, 7, 1, 8, 1, 0, 5, 8, 0, 5, 9, 8, 10, 9, 5, 10, 5, 4, 10, 3, 11, 10, 4, 3, 2, 11, 3, 2, 6, 11, 6, 7, 8, 6, 8, 11, 8, 10, 11, 8, 9, 10]}, "centroids": [[-693.0719155535699, 2498.334488786233, 1.149999976158142]]}, "mtl": {"idx": 0}}, {"geom": {"triangles": {"v": [-557.2492414170847, 2542.5088429551397, 0.9879999756813049, -564.4758039170847, 2544.8682179551397, 0.9879999756813049, -548.9758039170847, 2567.8525929551397, 0.9879999756813049, -556.2062726670847, 2570.2119679551397, 0.9879999756813049, -556.2062726670847, 2570.2119679551397, 5.730000019073486, -564.4758039170847, 2544.8682179551397, 5.730000019073486, -557.2492414170847, 2542.5088429551397, 5.730000019073486, -548.9758039170847, 2567.8525929551397, 5.730000019073486], "f": [0, 1, 2, 1, 3, 2, 1, 4, 3, 1, 5, 4, 5, 0, 6, 5, 1, 0, 6, 2, 7, 6, 0, 2, 3, 7, 2, 3, 4, 7, 4, 5, 7, 5, 6, 7]}, "centroids": [[-556.7275226674319, 2556.355092953745, 0.9879999756813049]]}, "mtl": {"idx": 0}}, {"geom": {"triangles": {"v": [-740.2258039170847, 2612.0557179551397, 1.6139999628067017, -733.8859601670847, 2631.1025929551397, 1.6139999628067017, -721.6086164170847, 2605.8682179551397, 1.6139999628067017, -715.2765851670847, 2624.9150929551397, 1.6139999628067017, -733.8859601670847, 2631.1025929551397, 12.744999885559082, -740.2258039170847, 2612.0557179551397, 12.744999885559082, -721.6086164170847, 2605.8682179551397, 12.744999885559082, -715.2765851670847, 2624.9150929551397, 12.744999885559082], "f": [0, 1, 2, 2, 1, 3, 0, 4, 1, 0, 5, 4, 6, 5, 0, 6, 0, 2, 6, 3, 7, 6, 2, 3, 1, 7, 3, 1, 4, 7, 4, 5, 6, 4, 6, 7]}, "centroids": [[-727.7511637604475, 2618.4874252668524, 1.6139999628067017]]}, "mtl": {"idx": 0}}, {"geom": {"triangles": {"v": [-687.9758039170847, 2493.7119679551397, 0.8980000019073486, -686.3976789170847, 2498.7744679551397, 0.8980000019073486, -682.5187726670847, 2492.0244679551397, 0.8980000019073486, -680.9484601670847, 2497.0869679551397, 0.8980000019073486, -686.3976789170847, 2498.7744679551397, 3.8980000019073486, -687.9758039170847, 2493.7119679551397, 3.8980000019073486, -682.5187726670847, 2492.0244679551397, 3.8980000019073486, -680.9484601670847, 2497.0869679551397, 3.8980000019073486], "f": [0, 1, 2, 2, 1, 3, 0, 4, 1, 0, 5, 4, 5, 2, 6, 5, 0, 2, 6, 3, 7, 6, 2, 3, 1, 7, 3, 1, 4, 7, 4, 5, 6, 4, 6, 7]}, "centroids": [[-684.4605034650231, 2495.3994963283185, 0.8980000019073486]]}, "mtl": {"idx": 0}}, {"geom": {"triangles": {"v": [-657.3586164170847, 2491.8682179551397, 0.6119999885559082, -663.7687726670847, 2494.0088429551397, 0.6119999885559082, -657.1867414170847, 2492.3838429551397, 0.6119999885559082, -661.2062726670847, 2501.7119679551397, 0.6119999885559082, -654.9289289170847, 2499.6182179551397, 0.6119999885559082, -648.0890851670847, 2489.3525929551397, 0.6119999885559082, -644.8859601670847, 2498.9775929551397, 0.6119999885559082, -650.6984601670847, 2512.3525929551397, 0.6119999885559082, -641.7961164170847, 2508.3994679551397, 0.6119999885559082, -643.0070539170847, 2498.3682179551397, 0.6119999885559082, -639.8781476670847, 2507.7588429551397, 0.6119999885559082, -641.4992414170847, 2509.2900929551397, 0.6119999885559082, -650.6984601670847, 2512.3525929551397, 3.611999988555908, -654.9289289170847, 2499.6182179551397, 3.611999988555908, -661.2062726670847, 2501.7119679551397, 3.611999988555908, -663.7687726670847, 2494.0088429551397, 3.611999988555908, -657.3586164170847, 2491.8682179551397, 3.611999988555908, -657.1867414170847, 2492.3838429551397, 3.611999988555908, -648.0890851670847, 2489.3525929551397, 3.611999988555908, -644.8859601670847, 2498.9775929551397, 3.611999988555908, -643.0070539170847, 2498.3682179551397, 3.611999988555908, -639.8781476670847, 2507.7588429551397, 3.611999988555908, -641.7961164170847, 2508.3994679551397, 3.611999988555908, -641.4992414170847, 2509.2900929551397, 3.611999988555908], "f": [0, 1, 2, 2, 1, 3, 4, 2, 3, 2, 4, 5, 5, 4, 6, 6, 4, 7, 8, 6, 7, 9, 6, 8, 9, 8, 10, 8, 7, 11, 4, 12, 7, 4, 13, 12, 3, 13, 4, 3, 14, 13, 1, 14, 3, 1, 15, 14, 15, 0, 16, 15, 1, 0, 16, 2, 17, 16, 0, 2, 17, 5, 18, 17, 2, 5, 18, 6, 19, 18, 5, 6, 20, 19, 6, 20, 6, 9, 20, 10, 21, 20, 9, 10, 8, 21, 10, 8, 22, 21, 23, 22, 8, 23, 8, 11, 7, 23, 11, 7, 12, 23, 17, 14, 15, 14, 17, 13, 13, 17, 18, 19, 13, 18, 12, 13, 19, 12, 19, 22, 12, 22, 23, 19, 20, 22, 22, 20, 21, 17, 15, 16]}, "centroids": [[-650.8277029733435, 2500.2450073779037, 0.6119999885559082]]}, "mtl": {"idx": 0}}, {"geom": {"triangles": {"v": [-466.6672101670847, 2517.8994679551397, 0.8550000190734863, -475.8273664170847, 2521.0557179551397, 0.8550000190734863, -462.4562726670847, 2530.1494679551397, 0.8550000190734863, -471.6281476670847, 2533.3057179551397, 0.8550000190734863, -475.8273664170847, 2521.0557179551397, 4.925000190734863, -471.6281476670847, 2533.3057179551397, 4.925000190734863, -466.6672101670847, 2517.8994679551397, 4.925000190734863, -462.4562726670847, 2530.1494679551397, 4.925000190734863], "f": [0, 1, 2, 1, 3, 2, 3, 1, 4, 3, 4, 5, 4, 0, 6, 4, 1, 0, 7, 6, 0, 7, 0, 2, 3, 7, 2, 3, 5, 7, 5, 4, 7, 4, 6, 7]}, "centroids": [[-469.1444934054962, 2525.6060537094017, 0.8550000190734863]]},