{"type": "block", "layer": 1, "block": 3, "features": [{"geom": {"triangles": {"v": [-882.6134414455664, 2538.8515129630687, 0.9409999847412109, -885.1251601955664, 2539.7108879630687, 0.9409999847412109, -878.9728164455664, 2549.5077629630687, 0.9409999847412109, -881.4728164455664, 2550.3671379630687, 0.9409999847412109, -881.4728164455664, 2550.3671379630687, 3.940999984741211, -885.1251601955664, 2539.7108879630687, 3.940999984741211, -882.6134414455664, 2538.8515129630687, 3.940999984741211, -878.9728164455664, 2549.5077629630687, 3.940999984741211], "f": [0, 1, 2, 1, 3, 2, 1, 4, 3, 1, 5, 4, 5, 0, 6, 5, 1, 0, 6, 2, 7, 6, 0, 2, 3, 7, 2, 3, 4, 7, 4, 5, 7, 5, 6, 7]}, "centroids": [[-882.0473993534033, 2544.6064816296275, 0.9409999847412109]]}, "mtl": {"idx": 0}}, {"geom": {"triangles": {"v": [-946.2618789455664, 2504.2421379630687, 1.149999976158142, -947.4728164455664, 2504.7577629630687, 1.149999976158142, -946.5431289455664, 2506.9452629630687, 1.149999976158142, -941.8634414455664, 2504.9296379630687, 1.149999976158142, -943.5821914455664, 2500.9140129630687, 1.149999976158142, -947.0548476955664, 2502.3983879630687, 1.149999976158142, -946.5431289455664, 2506.9452629630687, 5.339870929718018, -947.4728164455664, 2504.7577629630687, 5.339870929718018, -946.2618789455664, 2504.2421379630687, 5.339870929718018, -947.0548476955664, 2502.3983879630687, 5.339870929718018, -943.5821914455664, 2500.9140129630687, 5.339870929718018, -941.8634414455664, 2504.9296379630687, 5.339870929718018], "f": [0, 1, 2, 3, 0, 2, 4, 0, 3, 5, 0, 4, 1, 6, 2, 1, 7, 6, 8, 7, 1, 8, 1, 0, 5, 8, 0, 5, 9, 8, 10, 9, 5, 10, 5, 4, 10, 3, 11, 10, 4, 3, 2, 11, 3, 2, 6, 11, 6, 7, 8, 6, 8, 11, 8, 10, 11, 8, 9, 10]}, "centroids": [[-944.7681468320516, 2503.974033794162, 1.149999976158142]]}, "mtl": {"idx": 0}}, {"geom": {"triangles": {"v": [-808.9454726955664, 2548.1483879630687, 0.9879999756813049, -816.1720351955664, 2550.5077629630687, 0.9879999756813049, -800.6720351955664, 2573.4921379630687, 0.9879999756813049, -807.9025039455664, 2575.8515129630687, 0.9879999756813049, -807.9025039455664, 2575.8515129630687, 5.730000019073486, -816.1720351955664, 2550.5077629630687, 5.730000019073486, -808.9454726955664, 2548.1483879630687, 5.730000019073486, -800.6720351955664, 2573.4921379630687, 5.730000019073486], "f": [0, 1, 2, 1, 3, 2, 1, 4, 3, 1, 5, 4, 5, 0, 6, 5, 1, 0, 6, 2, 7, 6, 0, 2, 3, 7, 2, 3, 4, 7, 4, 5, 7, 5, 6, 7]}, "centroids": [[-808.4237539459136, 2561.994637961674, 0.9879999756813049]]}, "mtl": {"idx": 0}}, {"geom": {"triangles": {"v": [-991.9220351955664, 2617.6952629630687, 1.6139999628067017, -985.5821914455664, 2636.7421379630687, 1.6139999628067017, -973.3048476955664, 2611.5077629630687, 1.6139999628067017, -966.9728164455664, 2630.5546379630687, 1.6139999628067017, -985.5821914455664, 2636.7421379630687, 12.744999885559082, -991.9220351955664, 2617.6952629630687, 12.744999885559082, -973.3048476955664, 2611.5077629630687, 12.744999885559082, -966.9728164455664, 2630.5546379630687, 12.744999885559082], "f": [0, 1, 2, 2, 1, 3, 0, 4, 1, 0, 5, 4, 6, 5, 0, 6, 0, 2, 6, 3, 7, 6, 2, 3, 1, 7, 3, 1, 4, 7, 4, 5, 6, 4, 6, 7]}, "centroids": [[-979.4473950389292, 2624.1269702747813, 1.6139999628067017]]}, "mtl": {"idx": 0}}, {"geom": {"triangles": {"v": [-939.6720351955664, 2499.3515129630687, 0.8980000019073486, -938.0939101955664, 2504.4140129630687, 0.8980000019073486, -934.2150039455664, 2497.6640129630687, 0.8980000019073486, -932.6446914455664, 2502.7265129630687, 0.8980000019073486, -938.0939101955664, 2504.4140129630687, 3.8980000019073486, -939.6720351955664, 2499.3515129630687, 3.8980000019073486, -934.2150039455664, 2497.6640129630687, 3.8980000019073486, -932.6446914455664, 2502.7265129630687, 3.8980000019073486], "f": [0, 1, 2, 2, 1, 3, 0, 4, 1, 0, 5, 4, 5, 2, 6, 5, 0, 2, 6, 3, 7, 6, 2, 3, 1, 7, 3, 1, 4, 7, 4, 5, 6, 4, 6, 7]}, "centroids": [[-936.1567347435048, 2501.0390413362475, 0.8980000019073486]]}, "mtl": {"idx": 0}}, {"geom": {"triangles": {"v": [-909.0548476955664, 2497.5077629630687, 0.6119999885559082, -915.4650039455664, 2499.6483879630687, 0.6119999885559082, -908.8829726955664, 2498.0233879630687, 0.6119999885559082, -912.9025039455664, 2507.3515129630687, 0.6119999885559082, -906.6251601955664, 2505.2577629630687, 0.6119999885559082, -899.7853164455664, 2494.9921379630687, 0.6119999885559082, -896.5821914455664, 2504.6171379630687, 0.6119999885559082, -902.3946914455664, 2517.9921379630687, 0.6119999885559082, -893.4923476955664, 2514.0390129630687, 0.6119999885559082, -894.7032851955664, 2504.0077629630687, 0.6119999885559082, -891.5743789455664, 2513.3983879630687, 0.6119999885559082, -893.1954726955664, 2514.9296379630687, 0.6119999885559082, -902.3946914455664, 2517.9921379630687, 3.611999988555908, -906.6251601955664, 2505.2577629630687, 3.611999988555908, -912.9025039455664, 2507.3515129630687, 3.611999988555908, -915.4650039455664, 2499.6483879630687, 3.611999988555908, -909.0548476955664, 2497.5077629630687, 3.611999988555908, -908.8829726955664, 2498.0233879630687, 3.611999988555908, -899.7853164455664, 2494.9921379630687, 3.611999988555908, -896.5821914455664, 2504.6171379630687, 3.611999988555908, -894.7032851955664, 2504.0077629630687, 3.611999988555908, -891.5743789455664, 2513.3983879630687, 3.611999988555908, -893.4923476955664, 2514.0390129630687, 3.611999988555908, -893.1954726955664, 2514.9296379630687, 3.611999988555908], "f": [0, 1, 2, 2, 1, 3, 4, 2, 3, 2, 4, 5, 5, 4, 6, 6, 4, 7, 8, 6, 7, 9, 6, 8, 9, 8, 10, 8, 7, 11, 4, 12, 7, 4, 13, 12, 3, 13, 4, 3, 14, 13, 1, 14, 3, 1, 15, 14, 15, 0, 16, 15, 1, 0, 16, 2, 17, 16, 0, 2, 17, 5, 18, 17, 2, 5, 18, 6, 19, 18, 5, 6, 20, 19, 6, 20, 6, 9, 20, 10, 21, 20, 9, 10, 8, 21, 10, 8, 22, 21, 23, 22, 8, 23, 8, 11, 7, 23, 11, 7, 12, 23, 17, 14, 15, 14, 17, 13, 13, 17, 18, 19, 13, 18, 12, 13, 19, 12, 19, 22, 12, 22, 23, 19, 20, 22, 22, 20, 21, 17, 15, 16]}, "centroids": [[-902.5239342518253, 2505.8845523858326, 0.6119999885559082]]}, "mtl": {"idx": 0}}, {"geom": {"triangles": {"v": [-718.3634414455664, 2523.5390129630687, 0.8550000190734863, -727.5235976955664, 2526.6952629630687, 0.8550000190734863, -714.1525039455664, 2535.7890129630687, 0.8550000190734863, -723.3243789455664, 2538.9452629630687, 0.8550000190734863, -727.5235976955664, 2526.6952629630687, 4.925000190734863, -723.3243789455664, 2538.9452629630687, 4.925000190734863, -718.3634414455664, 2523.5390129630687, 4.925000190734863, -714.1525039455664, 2535.7890129630687, 4.925000190734863], "f": [0, 1, 2, 1, 3, 2, 3, 1, 4, 3, 4, 5, 4, 0, 6, 4, 1, 0, 7, 6, 0, 7, 0, 2, 3, 7, 2, 3, 5, 7, 5, 4, 7, 4, 6, 7]}, "centroids": [[-720.8407246839779, 2531.2455987173307, 0.8550000190734863]]},