{"type": "block", "layer": 1, "block": 3, "features": [{"geom": {"triangles": {"v": [-1123.529275133209, 2571.848208344658, 0.9409999847412109, -1126.040993883209, 2572.707583344658, 0.9409999847412109, -1119.888650133209, 2582.504458344658, 0.9409999847412109, -1122.388650133209, 2583.363833344658, 0.9409999847412109, -1122.388650133209, 2583.363833344658, 3.940999984741211, -1126.040993883209, 2572.707583344658, 3.940999984741211, -1123.529275133209, 2571.848208344658, 3.940999984741211, -1119.888650133209, 2582.504458344658, 3.940999984741211], "f": [0, 1, 2, 1, 3, 2, 1, 4, 3, 1, 5, 4, 5, 0, 6, 5, 1, 0, 6, 2, 7, 6, 0, 2, 3, 7, 2, 3, 4, 7, 4, 5, 7, 5, 6, 7]}, "centroids": [[-1122.963233041046, 2577.6031770112168, 0.9409999847412109]]}, "mtl": {"idx": 0}}, {"geom": {"triangles": {"v": [-1187.177712633209, 2537.238833344658, 1.149999976158142, -1188.388650133209, 2537.754458344658, 1.149999976158142, -1187.458962633209, 2539.941958344658, 1.149999976158142, -1182.779275133209, 2537.926333344658, 1.149999976158142, -1184.498025133209, 2533.910708344658, 1.149999976158142, -1187.970681383209, 2535.395083344658, 1.149999976158142, -1187.458962633209, 2539.941958344658, 5.339870929718018, -1188.388650133209, 2537.754458344658, 5.339870929718018, -1187.177712633209, 2537.238833344658, 5.339870929718018, -1187.970681383209, 2535.395083344658, 5.339870929718018, -1184.498025133209, 2533.910708344658, 5.339870929718018, -1182.779275133209, 2537.926333344658, 5.339870929718018], "f": [0, 1, 2, 3, 0, 2, 4, 0, 3, 5, 0, 4, 1, 6, 2, 1, 7, 6, 8, 7, 1, 8, 1, 0, 5, 8, 0, 5, 9, 8, 10, 9, 5, 10, 5, 4, 10, 3, 11, 10, 4, 3, 2, 11, 3, 2, 6, 11, 6, 7, 8, 6, 8, 11, 8, 10, 11, 8, 9, 10]}, "centroids": [[-1185.6839805196942, 2536.9707291757513, 1.149999976158142]]}, "mtl": {"idx": 0}}, {"geom": {"triangles": {"v": [-1049.861306383209, 2581.145083344658, 0.9879999756813049, -1057.087868883209, 2583.504458344658, 0.9879999756813049, -1041.587868883209, 2606.488833344658, 0.9879999756813049, -1048.818337633209, 2608.848208344658, 0.9879999756813049, -1048.818337633209, 2608.848208344658, 5.730000019073486, -1057.087868883209, 2583.504458344658, 5.730000019073486, -1049.861306383209, 2581.145083344658, 5.730000019073486, -1041.587868883209, 2606.488833344658, 5.730000019073486], "f": [0, 1, 2, 1, 3, 2, 1, 4, 3, 1, 5, 4, 5, 0, 6, 5, 1, 0, 6, 2, 7, 6, 0, 2, 3, 7, 2, 3, 4, 7, 4, 5, 7, 5, 6, 7]}, "centroids": [[-1049.3395876335562, 2594.9913333432632, 0.9879999756813049]]}, "mtl": {"idx": 0}}, {"geom": {"triangles": {"v": [-1232.837868883209, 2650.691958344658, 1.6139999628067017, -1226.498025133209, 2669.738833344658, 1.6139999628067017, -1214.220681383209, 2644.504458344658, 1.6139999628067017, -1207.888650133209, 2663.551333344658, 1.6139999628067017, -1226.498025133209, 2669.738833344658, 12.744999885559082, -1232.837868883209, 2650.691958344658, 12.744999885559082, -1214.220681383209, 2644.504458344658, 12.744999885559082, -1207.888650133209, 2663.551333344658, 12.744999885559082], "f": [0, 1, 2, 2, 1, 3, 0, 4, 1, 0, 5, 4, 6, 5, 0, 6, 0, 2, 6, 3, 7, 6, 2, 3, 1, 7, 3, 1, 4, 7, 4, 5, 6, 4, 6, 7]}, "centroids": [[-1220.3632287265718, 2657.1236656563706, 1.6139999628067017]]}, "mtl": {"idx": 0}}, {"geom": {"triangles": {"v": [-1180.587868883209, 2532.348208344658, 0.8980000019073486, -1179.009743883209, 2537.410708344658, 0.8980000019073486, -1175.130837633209, 2530.660708344658, 0.8980000019073486, -1173.560525133209, 2535.723208344658, 0.8980000019073486, -1179.009743883209, 2537.410708344658, 3.8980000019073486, -1180.587868883209, 2532.348208344658, 3.8980000019073486, -1175.130837633209, 2530.660708344658, 3.8980000019073486, -1173.560525133209, 2535.723208344658, 3.8980000019073486], "f": [0, 1, 2, 2, 1, 3, 0, 4, 1, 0, 5, 4, 5, 2, 6, 5, 0, 2, 6, 3, 7, 6, 2, 3, 1, 7, 3, 1, 4, 7, 4, 5, 6, 4, 6, 7]}, "centroids": [[-1177.0725684311474, 2534.0357367178367, 0.8980000019073486]]}, "mtl": {"idx": 0}}, {"geom": {"triangles": {"v": [-1149.970681383209, 2530.504458344658, 0.6119999885559082, -1156.380837633209, 2532.645083344658, 0.6119999885559082, -1149.798806383209, 2531.020083344658, 0.6119999885559082, -1153.818337633209, 2540.348208344658, 0.6119999885559082, -1147.540993883209, 2538.254458344658, 0.6119999885559082, -1140.701150133209, 2527.988833344658, 0.6119999885559082, -1137.498025133209, 2537.613833344658, 0.6119999885559082, -1143.310525133209, 2550.988833344658, 0.6119999885559082, -1134.408181383209, 2547.035708344658, 0.6119999885559082, -1135.619118883209, 2537.004458344658, 0.6119999885559082, -1132.490212633209, 2546.395083344658, 0.6119999885559082, -1134.111306383209, 2547.926333344658, 0.6119999885559082, -1143.310525133209, 2550.988833344658, 3.611999988555908, -1147.540993883209, 2538.254458344658, 3.611999988555908, -1153.818337633209, 2540.348208344658, 3.611999988555908, -1156.380837633209, 2532.645083344658, 3.611999988555908, -1149.970681383209, 2530.504458344658, 3.611999988555908, -1149.798806383209, 2531.020083344658, 3.611999988555908, -1140.701150133209, 2527.988833344658, 3.611999988555908, -1137.498025133209, 2537.613833344658, 3.611999988555908, -1135.619118883209, 2537.004458344658, 3.611999988555908, -1132.490212633209, 2546.395083344658, 3.611999988555908, -1134.408181383209, 2547.035708344658, 3.611999988555908, -1134.111306383209, 2547.926333344658, 3.611999988555908], "f": [0, 1, 2, 2, 1, 3, 4, 2, 3, 2, 4, 5, 5, 4, 6, 6, 4, 7, 8, 6, 7, 9, 6, 8, 9, 8, 10, 8, 7, 11, 4, 12, 7, 4, 13, 12, 3, 13, 4, 3, 14, 13, 1, 14, 3, 1, 15, 14, 15, 0, 16, 15, 1, 0, 16, 2, 17, 16, 0, 2, 17, 5, 18, 17, 2, 5, 18, 6, 19, 18, 5, 6, 20, 19, 6, 20, 6, 9, 20, 10, 21, 20, 9, 10, 8, 21, 10, 8, 22, 21, 23, 22, 8, 23, 8, 11, 7, 23, 11, 7, 12, 23, 17, 14, 15, 14, 17, 13, 13, 17, 18, 19, 13, 18, 12, 13, 19, 12, 19, 22, 12, 22, 23, 19, 20, 22, 22, 20, 21, 17, 15, 16]}, "centroids": [[-1143.4397679394679, 2538.881247767422, 0.6119999885559082]]}, "mtl": {"idx": 0}}, {"geom": {"triangles": {"v": [-959.279275133209, 2556.535708344658, 0.8550000190734863, -968.439431383209, 2559.691958344658, 0.8550000190734863, -955.068337633209, 2568.785708344658, 0.8550000190734863, -964.240212633209, 2571.941958344658, 0.8550000190734863, -968.439431383209, 2559.691958344658, 4.925000190734863, -964.240212633209, 2571.941958344658, 4.925000190734863, -959.279275133209, 2556.535708344658, 4.925000190734863, -955.068337633209, 2568.785708344658, 4.925000190734863], "f": [0, 1, 2, 1, 3, 2, 3, 1, 4, 3, 4, 5, 4, 0, 6, 4, 1, 0, 7, 6, 0, 7, 0, 2, 3, 7, 2, 3, 5, 7, 5, 4, 7, 4, 6, 7]}, "centroids": [[-961.7565583716205, 2564.24229409892, 0.8550000190734863]]},