{"type": "block", "layer": 1, "block": 3, "features": [{"geom": {"triangles": {"v": [-755.8501124261529, 2532.0846496025333, 0.9409999847412109, -758.3618311761529, 2532.9440246025333, 0.9409999847412109, -752.2094874261529, 2542.7408996025333, 0.9409999847412109, -754.7094874261529, 2543.6002746025333, 0.9409999847412109, -754.7094874261529, 2543.6002746025333, 3.940999984741211, -758.3618311761529, 2532.9440246025333, 3.940999984741211, -755.8501124261529, 2532.0846496025333, 3.940999984741211, -752.2094874261529, 2542.7408996025333, 3.940999984741211], "f": [0, 1, 2, 1, 3, 2, 1, 4, 3, 1, 5, 4, 5, 0, 6, 5, 1, 0, 6, 2, 7, 6, 0, 2, 3, 7, 2, 3, 4, 7, 4, 5, 7, 5, 6, 7]}, "centroids": [[-755.2840703339898, 2537.839618269092, 0.9409999847412109]]}, "mtl": {"idx": 0}}, {"geom": {"triangles": {"v": [-819.4985499261529, 2497.4752746025333, 1.149999976158142, -820.7094874261529, 2497.9908996025333, 1.149999976158142, -819.7797999261529, 2500.1783996025333, 1.149999976158142, -815.1001124261529, 2498.1627746025333, 1.149999976158142, -816.8188624261529, 2494.1471496025333, 1.149999976158142, -820.2915186761529, 2495.6315246025333, 1.149999976158142, -819.7797999261529, 2500.1783996025333, 5.339870929718018, -820.7094874261529, 2497.9908996025333, 5.339870929718018, -819.4985499261529, 2497.4752746025333, 5.339870929718018, -820.2915186761529, 2495.6315246025333, 5.339870929718018, -816.8188624261529, 2494.1471496025333, 5.339870929718018, -815.1001124261529, 2498.1627746025333, 5.339870929718018], "f": [0, 1, 2, 3, 0, 2, 4, 0, 3, 5, 0, 4, 1, 6, 2, 1, 7, 6, 8, 7, 1, 8, 1, 0, 5, 8, 0, 5, 9, 8, 10, 9, 5, 10, 5, 4, 10, 3, 11, 10, 4, 3, 2, 11, 3, 2, 6, 11, 6, 7, 8, 6, 8, 11, 8, 10, 11, 8, 9, 10]}, "centroids": [[-818.0048178126381, 2497.2071704336267, 1.149999976158142]]}, "mtl": {"idx": 0}}, {"geom": {"triangles": {"v": [-682.1821436761529, 2541.3815246025333, 0.9879999756813049, -689.4087061761529, 2543.7408996025333, 0.9879999756813049, -673.9087061761529, 2566.7252746025333, 0.9879999756813049, -681.1391749261529, 2569.0846496025333, 0.9879999756813049, -681.1391749261529, 2569.0846496025333, 5.730000019073486, -689.4087061761529, 2543.7408996025333, 5.730000019073486, -682.1821436761529, 2541.3815246025333, 5.730000019073486, -673.9087061761529, 2566.7252746025333, 5.730000019073486], "f": [0, 1, 2, 1, 3, 2, 1, 4, 3, 1, 5, 4, 5, 0, 6, 5, 1, 0, 6, 2, 7, 6, 0, 2, 3, 7, 2, 3, 4, 7, 4, 5, 7, 5, 6, 7]}, "centroids": [[-681.6604249265001, 2555.2277746011387, 0.9879999756813049]]}, "mtl": {"idx": 0}}, {"geom": {"triangles": {"v": [-865.1587061761529, 2610.9283996025333, 1.6139999628067017, -858.8188624261529, 2629.9752746025333, 1.6139999628067017, -846.5415186761529, 2604.7408996025333, 1.6139999628067017, -840.2094874261529, 2623.7877746025333, 1.6139999628067017, -858.8188624261529, 2629.9752746025333, 12.744999885559082, -865.1587061761529, 2610.9283996025333, 12.744999885559082, -846.5415186761529, 2604.7408996025333, 12.744999885559082, -840.2094874261529, 2623.7877746025333, 12.744999885559082], "f": [0, 1, 2, 2, 1, 3, 0, 4, 1, 0, 5, 4, 6, 5, 0, 6, 0, 2, 6, 3, 7, 6, 2, 3, 1, 7, 3, 1, 4, 7, 4, 5, 6, 4, 6, 7]}, "centroids": [[-852.6840660195157, 2617.360106914246, 1.6139999628067017]]}, "mtl": {"idx": 0}}, {"geom": {"triangles": {"v": [-812.9087061761529, 2492.5846496025333, 0.8980000019073486, -811.3305811761529, 2497.6471496025333, 0.8980000019073486, -807.4516749261529, 2490.8971496025333, 0.8980000019073486, -805.8813624261529, 2495.9596496025333, 0.8980000019073486, -811.3305811761529, 2497.6471496025333, 3.8980000019073486, -812.9087061761529, 2492.5846496025333, 3.8980000019073486, -807.4516749261529, 2490.8971496025333, 3.8980000019073486, -805.8813624261529, 2495.9596496025333, 3.8980000019073486], "f": [0, 1, 2, 2, 1, 3, 0, 4, 1, 0, 5, 4, 5, 2, 6, 5, 0, 2, 6, 3, 7, 6, 2, 3, 1, 7, 3, 1, 4, 7, 4, 5, 6, 4, 6, 7]}, "centroids": [[-809.3934057240913, 2494.272177975712, 0.8980000019073486]]}, "mtl": {"idx": 0}}, {"geom": {"triangles": {"v": [-782.2915186761529, 2490.7408996025333, 0.6119999885559082, -788.7016749261529, 2492.8815246025333, 0.6119999885559082, -782.1196436761529, 2491.2565246025333, 0.6119999885559082, -786.1391749261529, 2500.5846496025333, 0.6119999885559082, -779.8618311761529, 2498.4908996025333, 0.6119999885559082, -773.0219874261529, 2488.2252746025333, 0.6119999885559082, -769.8188624261529, 2497.8502746025333, 0.6119999885559082, -775.6313624261529, 2511.2252746025333, 0.6119999885559082, -766.7290186761529, 2507.2721496025333, 0.6119999885559082, -767.9399561761529, 2497.2408996025333, 0.6119999885559082, -764.8110499261529, 2506.6315246025333, 0.6119999885559082, -766.4321436761529, 2508.1627746025333, 0.6119999885559082, -775.6313624261529, 2511.2252746025333, 3.611999988555908, -779.8618311761529, 2498.4908996025333, 3.611999988555908, -786.1391749261529, 2500.5846496025333, 3.611999988555908, -788.7016749261529, 2492.8815246025333, 3.611999988555908, -782.2915186761529, 2490.7408996025333, 3.611999988555908, -782.1196436761529, 2491.2565246025333, 3.611999988555908, -773.0219874261529, 2488.2252746025333, 3.611999988555908, -769.8188624261529, 2497.8502746025333, 3.611999988555908, -767.9399561761529, 2497.2408996025333, 3.611999988555908, -764.8110499261529, 2506.6315246025333, 3.611999988555908, -766.7290186761529, 2507.2721496025333, 3.611999988555908, -766.4321436761529, 2508.1627746025333, 3.611999988555908], "f": [0, 1, 2, 2, 1, 3, 4, 2, 3, 2, 4, 5, 5, 4, 6, 6, 4, 7, 8, 6, 7, 9, 6, 8, 9, 8, 10, 8, 7, 11, 4, 12, 7, 4, 13, 12, 3, 13, 4, 3, 14, 13, 1, 14, 3, 1, 15, 14, 15, 0, 16, 15, 1, 0, 16, 2, 17, 16, 0, 2, 17, 5, 18, 17, 2, 5, 18, 6, 19, 18, 5, 6, 20, 19, 6, 20, 6, 9, 20, 10, 21, 20, 9, 10, 8, 21, 10, 8, 22, 21, 23, 22, 8, 23, 8, 11, 7, 23, 11, 7, 12, 23, 17, 14, 15, 14, 17, 13, 13, 17, 18, 19, 13, 18, 12, 13, 19, 12, 19, 22, 12, 22, 23, 19, 20, 22, 22, 20, 21, 17, 15, 16]}, "centroids": [[-775.7606052324118, 2499.1176890252973, 0.6119999885559082]]}, "mtl": {"idx": 0}}, {"geom": {"triangles": {"v": [-591.6001124261529, 2516.7721496025333, 0.8550000190734863, -600.7602686761529, 2519.9283996025333, 0.8550000190734863, -587.3891749261529, 2529.0221496025333, 0.8550000190734863, -596.5610499261529, 2532.1783996025333, 0.8550000190734863, -600.7602686761529, 2519.9283996025333, 4.925000190734863, -596.5610499261529, 2532.1783996025333, 4.925000190734863, -591.6001124261529, 2516.7721496025333, 4.925000190734863, -587.3891749261529, 2529.0221496025333, 4.925000190734863], "f": [0, 1, 2, 1, 3, 2, 3, 1, 4, 3, 4, 5, 4, 0, 6, 4, 1, 0, 7, 6, 0, 7, 0, 2, 3, 7, 2, 3, 5, 7, 5, 4, 7, 4, 6, 7]}, "centroids": [[-594.0773956645644, 2524.4787353567954, 0.8550000190734863]]},