{"type": "block", "layer": 1, "block": 3, "features": [{"geom": {"triangles": {"v": [-1154.5386343294376, 2549.1537629524246, 0.9409999847412109, -1157.0503530794376, 2550.0131379524246, 0.9409999847412109, -1150.8980093294376, 2559.8100129524246, 0.9409999847412109, -1153.3980093294376, 2560.6693879524246, 0.9409999847412109, -1153.3980093294376, 2560.6693879524246, 3.940999984741211, -1157.0503530794376, 2550.0131379524246, 3.940999984741211, -1154.5386343294376, 2549.1537629524246, 3.940999984741211, -1150.8980093294376, 2559.8100129524246, 3.940999984741211], "f": [0, 1, 2, 1, 3, 2, 1, 4, 3, 1, 5, 4, 5, 0, 6, 5, 1, 0, 6, 2, 7, 6, 0, 2, 3, 7, 2, 3, 4, 7, 4, 5, 7, 5, 6, 7]}, "centroids": [[-1153.9725922372745, 2554.9087316189834, 0.9409999847412109]]}, "mtl": {"idx": 0}}, {"geom": {"triangles": {"v": [-1218.1870718294376, 2514.5443879524246, 1.149999976158142, -1219.3980093294376, 2515.0600129524246, 1.149999976158142, -1218.4683218294376, 2517.2475129524246, 1.149999976158142, -1213.7886343294376, 2515.2318879524246, 1.149999976158142, -1215.5073843294376, 2511.2162629524246, 1.149999976158142, -1218.9800405794376, 2512.7006379524246, 1.149999976158142, -1218.4683218294376, 2517.2475129524246, 5.339870929718018, -1219.3980093294376, 2515.0600129524246, 5.339870929718018, -1218.1870718294376, 2514.5443879524246, 5.339870929718018, -1218.9800405794376, 2512.7006379524246, 5.339870929718018, -1215.5073843294376, 2511.2162629524246, 5.339870929718018, -1213.7886343294376, 2515.2318879524246, 5.339870929718018], "f": [0, 1, 2, 3, 0, 2, 4, 0, 3, 5, 0, 4, 1, 6, 2, 1, 7, 6, 8, 7, 1, 8, 1, 0, 5, 8, 0, 5, 9, 8, 10, 9, 5, 10, 5, 4, 10, 3, 11, 10, 4, 3, 2, 11, 3, 2, 6, 11, 6, 7, 8, 6, 8, 11, 8, 10, 11, 8, 9, 10]}, "centroids": [[-1216.6933397159228, 2514.276283783518, 1.149999976158142]]}, "mtl": {"idx": 0}}, {"geom": {"triangles": {"v": [-1080.8706655794376, 2558.4506379524246, 0.9879999756813049, -1088.0972280794376, 2560.8100129524246, 0.9879999756813049, -1072.5972280794376, 2583.7943879524246, 0.9879999756813049, -1079.8276968294376, 2586.1537629524246, 0.9879999756813049, -1079.8276968294376, 2586.1537629524246, 5.730000019073486, -1088.0972280794376, 2560.8100129524246, 5.730000019073486, -1080.8706655794376, 2558.4506379524246, 5.730000019073486, -1072.5972280794376, 2583.7943879524246, 5.730000019073486], "f": [0, 1, 2, 1, 3, 2, 1, 4, 3, 1, 5, 4, 5, 0, 6, 5, 1, 0, 6, 2, 7, 6, 0, 2, 3, 7, 2, 3, 4, 7, 4, 5, 7, 5, 6, 7]}, "centroids": [[-1080.3489468297848, 2572.29688795103, 0.9879999756813049]]}, "mtl": {"idx": 0}}, {"geom": {"triangles": {"v": [-1263.8472280794376, 2627.9975129524246, 1.6139999628067017, -1257.5073843294376, 2647.0443879524246, 1.6139999628067017, -1245.2300405794376, 2621.8100129524246, 1.6139999628067017, -1238.8980093294376, 2640.8568879524246, 1.6139999628067017, -1257.5073843294376, 2647.0443879524246, 12.744999885559082, -1263.8472280794376, 2627.9975129524246, 12.744999885559082, -1245.2300405794376, 2621.8100129524246, 12.744999885559082, -1238.8980093294376, 2640.8568879524246, 12.744999885559082], "f": [0, 1, 2, 2, 1, 3, 0, 4, 1, 0, 5, 4, 6, 5, 0, 6, 0, 2, 6, 3, 7, 6, 2, 3, 1, 7, 3, 1, 4, 7, 4, 5, 6, 4, 6, 7]}, "centroids": [[-1251.3725879228004, 2634.4292202641373, 1.6139999628067017]]}, "mtl": {"idx": 0}}, {"geom": {"triangles": {"v": [-1211.5972280794376, 2509.6537629524246, 0.8980000019073486, -1210.0191030794376, 2514.7162629524246, 0.8980000019073486, -1206.1401968294376, 2507.9662629524246, 0.8980000019073486, -1204.5698843294376, 2513.0287629524246, 0.8980000019073486, -1210.0191030794376, 2514.7162629524246, 3.8980000019073486, -1211.5972280794376, 2509.6537629524246, 3.8980000019073486, -1206.1401968294376, 2507.9662629524246, 3.8980000019073486, -1204.5698843294376, 2513.0287629524246, 3.8980000019073486], "f": [0, 1, 2, 2, 1, 3, 0, 4, 1, 0, 5, 4, 5, 2, 6, 5, 0, 2, 6, 3, 7, 6, 2, 3, 1, 7, 3, 1, 4, 7, 4, 5, 6, 4, 6, 7]}, "centroids": [[-1208.081927627376, 2511.3412913256034, 0.8980000019073486]]}, "mtl": {"idx": 0}}, {"geom": {"triangles": {"v": [-1180.9800405794376, 2507.8100129524246, 0.6119999885559082, -1187.3901968294376, 2509.9506379524246, 0.6119999885559082, -1180.8081655794376, 2508.3256379524246, 0.6119999885559082, -1184.8276968294376, 2517.6537629524246, 0.6119999885559082, -1178.5503530794376, 2515.5600129524246, 0.6119999885559082, -1171.7105093294376, 2505.2943879524246, 0.6119999885559082, -1168.5073843294376, 2514.9193879524246, 0.6119999885559082, -1174.3198843294376, 2528.2943879524246, 0.6119999885559082, -1165.4175405794376, 2524.3412629524246, 0.6119999885559082, -1166.6284780794376, 2514.3100129524246, 0.6119999885559082, -1163.4995718294376, 2523.7006379524246, 0.6119999885559082, -1165.1206655794376, 2525.2318879524246, 0.6119999885559082, -1174.3198843294376, 2528.2943879524246, 3.611999988555908, -1178.5503530794376, 2515.5600129524246, 3.611999988555908, -1184.8276968294376, 2517.6537629524246, 3.611999988555908, -1187.3901968294376, 2509.9506379524246, 3.611999988555908, -1180.9800405794376, 2507.8100129524246, 3.611999988555908, -1180.8081655794376, 2508.3256379524246, 3.611999988555908, -1171.7105093294376, 2505.2943879524246, 3.611999988555908, -1168.5073843294376, 2514.9193879524246, 3.611999988555908, -1166.6284780794376, 2514.3100129524246, 3.611999988555908, -1163.4995718294376, 2523.7006379524246, 3.611999988555908, -1165.4175405794376, 2524.3412629524246, 3.611999988555908, -1165.1206655794376, 2525.2318879524246, 3.611999988555908], "f": [0, 1, 2, 2, 1, 3, 4, 2, 3, 2, 4, 5, 5, 4, 6, 6, 4, 7, 8, 6, 7, 9, 6, 8, 9, 8, 10, 8, 7, 11, 4, 12, 7, 4, 13, 12, 3, 13, 4, 3, 14, 13, 1, 14, 3, 1, 15, 14, 15, 0, 16, 15, 1, 0, 16, 2, 17, 16, 0, 2, 17, 5, 18, 17, 2, 5, 18, 6, 19, 18, 5, 6, 20, 19, 6, 20, 6, 9, 20, 10, 21, 20, 9, 10, 8, 21, 10, 8, 22, 21, 23, 22, 8, 23, 8, 11, 7, 23, 11, 7, 12, 23, 17, 14, 15, 14, 17, 13, 13, 17, 18, 19, 13, 18, 12, 13, 19, 12, 19, 22, 12, 22, 23, 19, 20, 22, 22, 20, 21, 17, 15, 16]}, "centroids": [[-1174.4491271356965, 2516.1868023751886, 0.6119999885559082]]}, "mtl": {"idx": 0}}, {"geom": {"triangles": {"v": [-990.2886343294376, 2533.8412629524246, 0.8550000190734863, -999.4487905794376, 2536.9975129524246, 0.8550000190734863, -986.0776968294376, 2546.0912629524246, 0.8550000190734863, -995.2495718294376, 2549.2475129524246, 0.8550000190734863, -999.4487905794376, 2536.9975129524246, 4.925000190734863, -995.2495718294376, 2549.2475129524246, 4.925000190734863, -990.2886343294376, 2533.8412629524246, 4.925000190734863, -986.0776968294376, 2546.0912629524246, 4.925000190734863], "f": [0, 1, 2, 1, 3, 2, 3, 1, 4, 3, 4, 5, 4, 0, 6, 4, 1, 0, 7, 6, 0, 7, 0, 2, 3, 7, 2, 3, 5, 7, 5, 4, 7, 4, 6, 7]}, "centroids": [[-992.7659175678491, 2541.5478487066866, 0.8550000190734863]]},