{"type": "block", "layer": 2, "block": 0, "features": [{"geom": {"triangles": {"v": [-128.638671875, 27.1875, 0.5460000038146973, -134.087890625, 29.8125, 0.5460000038146973, -127.400390625, 29.75, 0.5460000038146973, -132.849609375, 32.390625, 0.5460000038146973, -132.849609375, 32.390625, 3.5460000038146973, -134.087890625, 29.8125, 3.5460000038146973, -128.638671875, 27.1875, 3.5460000038146973, -127.400390625, 29.75, 3.5460000038146973], "f": [0, 1, 2, 1, 3, 2, 1, 4, 3, 1, 5, 4, 5, 0, 6, 5, 1, 0, 6, 2, 7, 6, 0, 2, 3, 7, 2, 3, 4, 7, 7, 4, 5, 7, 5, 6]}, "centroids": [[-130.74459401280183, 29.78453303241986, 0.5460000038146973]]}, "mtl": {"idx": 0}}, {"geom": {"triangles": {"v": [-139.720703125, 203.59375, 0.27900001406669617, -136.857421875, 211.9375, 0.27900001406669617, -134.966796875, 201.96875, 0.27900001406669617, -132.115234375, 210.328125, 0.27900001406669617, -136.857421875, 211.9375, 2.938732147216797, -139.720703125, 203.59375, 2.938732147216797, -134.966796875, 201.96875, 2.938732147216797, -132.115234375, 210.328125, 2.938732147216797], "f": [0, 1, 2, 2, 1, 3, 0, 4, 1, 0, 5, 4, 5, 2, 6, 5, 0, 2, 6, 3, 7, 6, 2, 3, 1, 7, 3, 1, 4, 7, 4, 5, 6, 4, 6, 7]}, "centroids": [[-135.91620719176717, 206.95414286499727, 0.27900001406669617]]}, "mtl": {"idx": 0}}, {"geom": {"triangles": {"v": [-150.349609375, 162.1875, 0.3190000057220459, -158.099609375, 164.09375, 0.3190000057220459, -147.548828125, 173.5625, 0.3190000057220459, -155.298828125, 175.484375, 0.3190000057220459, -155.298828125, 175.484375, 4.755999565124512, -158.099609375, 164.09375, 4.755999565124512, -150.349609375, 162.1875, 4.755999565124512, -147.548828125, 173.5625, 4.755999565124512], "f": [0, 1, 2, 1, 3, 2, 1, 4, 3, 1, 5, 4, 5, 0, 6, 5, 1, 0, 7, 6, 0, 7, 0, 2, 3, 7, 2, 3, 4, 7, 4, 5, 7, 5, 6, 7]}, "centroids": [[-152.82354260772263, 168.83307726343628, 0.3190000057220459]]}, "mtl": {"idx": 0}}, {"geom": {"triangles": {"v": [-173.189453125, 111.40625, 0.3149999976158142, -167.150390625, 134.15625, 0.3149999976158142, -153.408203125, 106.15625, 0.3149999976158142, -134.439453125, 125.484375, 0.3149999976158142, -144.005859375, 103.578125, 0.3149999976158142, -154.908203125, 100.484375, 0.3149999976158142, -145.498046875, 97.984375, 0.3149999976158142, -132.939453125, 100.640625, 0.3149999976158142, -125.166015625, 129.9375, 0.3149999976158142, -132.728515625, 131.9375, 0.3149999976158142, -167.150390625, 134.15625, 12.070999145507812, -173.189453125, 111.40625, 12.070999145507812, -153.408203125, 106.15625, 12.070999145507812, -154.908203125, 100.484375, 12.070999145507812, -145.498046875, 97.984375, 12.070999145507812, -144.005859375, 103.578125, 12.070999145507812, -132.939453125, 100.640625, 12.070999145507812, -125.166015625, 129.9375, 12.070999145507812, -132.728515625, 131.9375, 12.070999145507812, -134.439453125, 125.484375, 12.070999145507812], "f": [0, 1, 2, 2, 1, 3, 4, 2, 3, 5, 2, 4, 6, 5, 4, 4, 3, 7, 8, 7, 3, 8, 3, 9, 0, 10, 1, 0, 11, 10, 12, 11, 0, 12, 0, 2, 2, 5, 13, 2, 13, 12, 14, 13, 5, 14, 5, 6, 15, 14, 6, 15, 6, 4, 15, 7, 16, 15, 4, 7, 16, 8, 17, 16, 7, 8, 9, 17, 8, 9, 18, 17, 9, 3, 19, 9, 19, 18, 1, 19, 3, 1, 10, 19, 10, 11, 12, 19, 10, 12, 19, 12, 15, 19, 15, 16, 19, 16, 17, 18, 19, 17, 15, 12, 13, 15, 13, 14]}, "centroids": [[-149.02518110630626, 117.11573402420618, 0.3149999976158142]]}, "mtl": {"idx": 0}}, {"geom": {"triangles": {"v": [-126.396484375, 32.171875, 0.46000000834465027, -131.615234375, 34.59375, 0.46000000834465027, -124.935546875, 35.328125, 0.46000000834465027, -130.158203125, 37.75, 0.46000000834465027, -131.615234375, 34.59375, 3.4600000381469727, -130.158203125, 37.75, 3.4600000381469727, -126.396484375, 32.171875, 3.4600000381469727, -124.935546875, 35.328125, 3.4600000381469727], "f": [0, 1, 2, 1, 3, 2, 3, 1, 4, 3, 4, 5, 4, 0, 6, 4, 1, 0, 6, 2, 7, 6, 0, 2, 3, 7, 2, 3, 5, 7, 5, 4, 7, 4, 6, 7]}, "centroids": [[-128.27753794913588, 34.96155892076786, 0.46000000834465027]]}, "mtl": {"idx": 0}}, {"geom": {"triangles": {"v": [-100.619140625, 123.328125, 0.36399999260902405, -97.146484375, 136.40625, 0.36399999260902405, -91.087890625, 120.8125, 0.36399999260902405, -62.005859375, 127.109375, 0.36399999260902405, -69.337890625, 99.453125, 0.36399999260902405, -94.947265625, 106.234375, 0.36399999260902405, -62.005859375, 127.109375, 6.736999988555908, -97.146484375, 136.40625, 6.736999988555908, -100.619140625, 123.328125, 6.736999988555908, -91.087890625, 120.8125, 6.736999988555908, -94.947265625, 106.234375, 6.736999988555908, -69.337890625, 99.453125, 6.736999988555908], "f": [0, 1, 2, 2, 1, 3, 4, 2, 3, 5, 2, 4, 1, 6, 3, 1, 7, 6, 1, 0, 8, 1, 8, 7, 9, 8, 0, 9, 0, 2, 5, 9, 2, 5, 10, 9, 10, 4, 11, 10, 5, 4, 11, 3, 6, 11, 4, 3, 7, 8, 9, 7, 9, 6, 9, 11, 6, 9, 10, 11]}, "centroids": [[-80.81871862293337, 118.45697977134841, 0.36399999260902405]]}, "mtl": {"idx": 0}}, {"geom": {"triangles": {"v": [-126.158203125, 72.078125, 0.49000000953674316, -175.759765625, 85.234375, 0.49000000953674316, -146.060546875, 89.40625, 0.49000000953674316, -136.607421875, 87.359375, 0.49000000953674316, -144.830078125, 94.03125, 0.49000000953674316, -135.498046875, 91.546875, 0.49000000953674316, -132.146484375, 86.171875, 0.49000000953674316, -127.857421875, 84.25, 0.49000000953674316, -124.138671875, 98.234375, 0.49000000953674316, -123.646484375, 118.21875, 0.49000000953674316, -116.638671875, 108.359375, 0.49000000953674316, -75.458984375, 85.328125, 0.49000000953674316, -72.466796875, 96.625, 0.49000000953674316, -114.646484375, 115.84375, 0.49000000953674316, -118.626953125, 81.796875, 0.49000000953674316, -121.439453125, 71.203125, 0.49000000953674316, -130.298828125, 56.484375, 0.49000000953674316, -118.939453125, 53.46875, 0.49000000953674316, -114.708984375, 69.421875, 0.49000000953674316, -172.767578125, 96.484375, 0.49000000953674316, -126.158203125, 72.078125, 15.791999816894531, -130.298828125, 56.484375, 15.791999816894531, -118.939453125, 53.46875, 15.791999816894531, -114.708984375, 69.421875, 15.791999816894531, -121.439453125, 71.203125, 15.791999816894531, -118.626953125, 81.796875, 15.791999816894531, -127.857421875, 84.25, 15.791999816894531, -124.138671875, 98.234375, 15.791999816894531, -75.458984375, 85.328125, 15.791999816894531, -72.466796875, 96.625, 15.791999816894531, -116.638671875, 108.359375, 15.791999816894531, -114.646484375, 115.84375, 15.791999816894531, -123.646484375, 118.21875, 15.791999816894531, -132.146484375, 86.171875, 15.791999816894531, -136.607421875, 87.359375, 15.791999816894531, -135.498046875, 91.546875, 15.791999816894531, -144.830078125, 94.03125, 15.791999816894531, -146.060546875, 89.40625, 15.791999816894531, -172.767578125, 96.484375, 15.791999816894531, -175.759765625, 85.234375, 15.791999816894531], "f": [0, 1, 2, 2, 3, 0, 3, 2, 4, 5, 3, 4, 3, 6, 0, 6, 7, 0, 7, 6, 8, 8, 6, 9, 8, 9, 10, 8, 10, 11, 11, 10, 12, 10, 9, 13, 0, 7, 14, 15, 0, 14, 16, 0, 15, 17, 16, 15, 17, 15, 18, 1, 19, 2, 16, 20, 0, 16, 21, 20, 21, 17, 22, 21, 16, 17, 22, 18, 23, 22, 17, 18, 18, 15, 24, 18, 24, 23, 24, 14, 25, 24, 15, 14, 14, 7, 26, 14, 26, 25, 26, 8, 27, 26, 7, 8, 27, 11, 28, 27, 8, 11, 28, 12, 29, 28, 11, 12, 10, 29, 12, 10, 30, 29, 31, 30, 10, 31, 10, 13, 9, 31, 13, 9, 32, 31, 9, 6, 33, 9, 33, 32, 6, 3, 34, 6, 34, 33, 35, 34, 3, 35, 3, 5, 4, 35, 5, 4, 36, 35, 2, 36, 4, 2, 37, 36, 19, 37, 2, 19, 38, 37, 1, 38, 19, 1, 39, 38, 20, 39, 1, 20, 1, 0, 38, 39, 37, 37, 39, 20, 34, 37, 20, 36, 37, 34, 36, 34, 35, 33, 34, 20, 26, 33, 20, 33, 26, 27, 32, 33, 27, 32, 27, 30, 32, 30, 31, 30, 27, 28, 30, 28, 29, 25, 26, 20, 25, 20, 24, 20, 21, 24, 24, 21, 22, 24, 22, 23]}, "centroids": [[-124.3286607824848, 88.60364376244252, 0.49000000953674316]]}, "mtl": {"idx": 0}, "lbl": "潟東小学校・中学校",