{"type": "block", "layer": 2, "block": 0, "features": [{"geom": {"triangles": {"v": [-589.5577186907176, 66.49425977817737, 0.5460000038146973, -595.0069374407176, 69.11925977817737, 0.5460000038146973, -588.3194374407176, 69.05675977817737, 0.5460000038146973, -593.7686561907176, 71.69738477817737, 0.5460000038146973, -593.7686561907176, 71.69738477817737, 3.5460000038146973, -595.0069374407176, 69.11925977817737, 3.5460000038146973, -589.5577186907176, 66.49425977817737, 3.5460000038146973, -588.3194374407176, 69.05675977817737, 3.5460000038146973], "f": [0, 1, 2, 1, 3, 2, 1, 4, 3, 1, 5, 4, 5, 0, 6, 5, 1, 0, 6, 2, 7, 6, 0, 2, 3, 7, 2, 3, 4, 7, 7, 4, 5, 7, 5, 6]}, "centroids": [[-591.6636408285194, 69.09129281059722, 0.5460000038146973]]}, "mtl": {"idx": 0}}, {"geom": {"triangles": {"v": [-600.6397499407176, 242.90050977817737, 0.27900001406669617, -597.7764686907176, 251.24425977817737, 0.27900001406669617, -595.8858436907176, 241.27550977817737, 0.27900001406669617, -593.0342811907176, 249.63488477817737, 0.27900001406669617, -597.7764686907176, 251.24425977817737, 2.938732147216797, -600.6397499407176, 242.90050977817737, 2.938732147216797, -595.8858436907176, 241.27550977817737, 2.938732147216797, -593.0342811907176, 249.63488477817737, 2.938732147216797], "f": [0, 1, 2, 2, 1, 3, 0, 4, 1, 0, 5, 4, 5, 2, 6, 5, 0, 2, 6, 3, 7, 6, 2, 3, 1, 7, 3, 1, 4, 7, 4, 5, 6, 4, 6, 7]}, "centroids": [[-596.8352540074848, 246.26090264317463, 0.27900001406669617]]}, "mtl": {"idx": 0}}, {"geom": {"triangles": {"v": [-611.2686561907176, 201.49425977817737, 0.3190000057220459, -619.0186561907176, 203.40050977817737, 0.3190000057220459, -608.4678749407176, 212.86925977817737, 0.3190000057220459, -616.2178749407176, 214.79113477817737, 0.3190000057220459, -616.2178749407176, 214.79113477817737, 4.755999565124512, -619.0186561907176, 203.40050977817737, 4.755999565124512, -611.2686561907176, 201.49425977817737, 4.755999565124512, -608.4678749407176, 212.86925977817737, 4.755999565124512], "f": [0, 1, 2, 1, 3, 2, 1, 4, 3, 1, 5, 4, 5, 0, 6, 5, 1, 0, 7, 6, 0, 7, 0, 2, 3, 7, 2, 3, 4, 7, 4, 5, 7, 5, 6, 7]}, "centroids": [[-613.7425894234402, 208.13983704161365, 0.3190000057220459]]}, "mtl": {"idx": 0}}, {"geom": {"triangles": {"v": [-634.1084999407176, 150.71300977817737, 0.3149999976158142, -628.0694374407176, 173.46300977817737, 0.3149999976158142, -614.3272499407176, 145.46300977817737, 0.3149999976158142, -595.3584999407176, 164.79113477817737, 0.3149999976158142, -604.9249061907176, 142.88488477817737, 0.3149999976158142, -615.8272499407176, 139.79113477817737, 0.3149999976158142, -606.4170936907176, 137.29113477817737, 0.3149999976158142, -593.8584999407176, 139.94738477817737, 0.3149999976158142, -586.0850624407176, 169.24425977817737, 0.3149999976158142, -593.6475624407176, 171.24425977817737, 0.3149999976158142, -628.0694374407176, 173.46300977817737, 12.070999145507812, -634.1084999407176, 150.71300977817737, 12.070999145507812, -614.3272499407176, 145.46300977817737, 12.070999145507812, -615.8272499407176, 139.79113477817737, 12.070999145507812, -606.4170936907176, 137.29113477817737, 12.070999145507812, -604.9249061907176, 142.88488477817737, 12.070999145507812, -593.8584999407176, 139.94738477817737, 12.070999145507812, -586.0850624407176, 169.24425977817737, 12.070999145507812, -593.6475624407176, 171.24425977817737, 12.070999145507812, -595.3584999407176, 164.79113477817737, 12.070999145507812], "f": [0, 1, 2, 2, 1, 3, 4, 2, 3, 5, 2, 4, 6, 5, 4, 4, 3, 7, 8, 7, 3, 8, 3, 9, 0, 10, 1, 0, 11, 10, 12, 11, 0, 12, 0, 2, 2, 5, 13, 2, 13, 12, 14, 13, 5, 14, 5, 6, 15, 14, 6, 15, 6, 4, 15, 7, 16, 15, 4, 7, 16, 8, 17, 16, 7, 8, 9, 17, 8, 9, 18, 17, 9, 3, 19, 9, 19, 18, 1, 19, 3, 1, 10, 19, 10, 11, 12, 19, 10, 12, 19, 12, 15, 19, 15, 16, 19, 16, 17, 18, 19, 17, 15, 12, 13, 15, 13, 14]}, "centroids": [[-609.9442279220239, 156.42249380238354, 0.3149999976158142]]}, "mtl": {"idx": 0}}, {"geom": {"triangles": {"v": [-587.3155311907176, 71.47863477817737, 0.46000000834465027, -592.5342811907176, 73.90050977817737, 0.46000000834465027, -585.8545936907176, 74.63488477817737, 0.46000000834465027, -591.0772499407176, 77.05675977817737, 0.46000000834465027, -592.5342811907176, 73.90050977817737, 3.4600000381469727, -591.0772499407176, 77.05675977817737, 3.4600000381469727, -587.3155311907176, 71.47863477817737, 3.4600000381469727, -585.8545936907176, 74.63488477817737, 3.4600000381469727], "f": [0, 1, 2, 1, 3, 2, 3, 1, 4, 3, 4, 5, 4, 0, 6, 4, 1, 0, 6, 2, 7, 6, 0, 2, 3, 7, 2, 3, 5, 7, 5, 4, 7, 4, 6, 7]}, "centroids": [[-589.1965847648535, 74.26831869894522, 0.46000000834465027]]}, "mtl": {"idx": 0}}, {"geom": {"triangles": {"v": [-561.5381874407176, 162.63488477817737, 0.36399999260902405, -558.0655311907176, 175.71300977817737, 0.36399999260902405, -552.0069374407176, 160.11925977817737, 0.36399999260902405, -522.9249061907176, 166.41613477817737, 0.36399999260902405, -530.2569374407176, 138.75988477817737, 0.36399999260902405, -555.8663124407176, 145.54113477817737, 0.36399999260902405, -522.9249061907176, 166.41613477817737, 6.736999988555908, -558.0655311907176, 175.71300977817737, 6.736999988555908, -561.5381874407176, 162.63488477817737, 6.736999988555908, -552.0069374407176, 160.11925977817737, 6.736999988555908, -555.8663124407176, 145.54113477817737, 6.736999988555908, -530.2569374407176, 138.75988477817737, 6.736999988555908], "f": [0, 1, 2, 2, 1, 3, 4, 2, 3, 5, 2, 4, 1, 6, 3, 1, 7, 6, 1, 0, 8, 1, 8, 7, 9, 8, 0, 9, 0, 2, 5, 9, 2, 5, 10, 9, 10, 4, 11, 10, 5, 4, 11, 3, 6, 11, 4, 3, 7, 8, 9, 7, 9, 6, 9, 11, 6, 9, 10, 11]}, "centroids": [[-541.737765438651, 157.76373954952578, 0.36399999260902405]]},