{"type": "block", "layer": 2, "block": 0, "features": [{"geom": {"triangles": {"v": [-170.64732621610892, 65.62581007063272, 0.5460000038146973, -176.09654496610892, 68.25081007063272, 0.5460000038146973, -169.40904496610892, 68.18831007063272, 0.5460000038146973, -174.85826371610892, 70.82893507063272, 0.5460000038146973, -174.85826371610892, 70.82893507063272, 3.5460000038146973, -176.09654496610892, 68.25081007063272, 3.5460000038146973, -170.64732621610892, 65.62581007063272, 3.5460000038146973, -169.40904496610892, 68.18831007063272, 3.5460000038146973], "f": [0, 1, 2, 1, 3, 2, 1, 4, 3, 1, 5, 4, 5, 0, 6, 5, 1, 0, 6, 2, 7, 6, 0, 2, 3, 7, 2, 3, 4, 7, 7, 4, 5, 7, 5, 6]}, "centroids": [[-172.75324835391075, 68.22284310305258, 0.5460000038146973]]}, "mtl": {"idx": 0}}, {"geom": {"triangles": {"v": [-181.72935746610892, 242.03206007063272, 0.27900001406669617, -178.86607621610892, 250.37581007063272, 0.27900001406669617, -176.97545121610892, 240.40706007063272, 0.27900001406669617, -174.12388871610892, 248.76643507063272, 0.27900001406669617, -178.86607621610892, 250.37581007063272, 2.938732147216797, -181.72935746610892, 242.03206007063272, 2.938732147216797, -176.97545121610892, 240.40706007063272, 2.938732147216797, -174.12388871610892, 248.76643507063272, 2.938732147216797], "f": [0, 1, 2, 2, 1, 3, 0, 4, 1, 0, 5, 4, 5, 2, 6, 5, 0, 2, 6, 3, 7, 6, 2, 3, 1, 7, 3, 1, 4, 7, 4, 5, 6, 4, 6, 7]}, "centroids": [[-177.9248615328761, 245.39245293563, 0.27900001406669617]]}, "mtl": {"idx": 0}}, {"geom": {"triangles": {"v": [-192.35826371610892, 200.62581007063272, 0.3190000057220459, -200.10826371610892, 202.53206007063272, 0.3190000057220459, -189.55748246610892, 212.00081007063272, 0.3190000057220459, -197.30748246610892, 213.92268507063272, 0.3190000057220459, -197.30748246610892, 213.92268507063272, 4.755999565124512, -200.10826371610892, 202.53206007063272, 4.755999565124512, -192.35826371610892, 200.62581007063272, 4.755999565124512, -189.55748246610892, 212.00081007063272, 4.755999565124512], "f": [0, 1, 2, 1, 3, 2, 1, 4, 3, 1, 5, 4, 5, 0, 6, 5, 1, 0, 7, 6, 0, 7, 0, 2, 3, 7, 2, 3, 4, 7, 4, 5, 7, 5, 6, 7]}, "centroids": [[-194.83219694883155, 207.271387334069, 0.3190000057220459]]}, "mtl": {"idx": 0}}, {"geom": {"triangles": {"v": [-215.19810746610892, 149.84456007063272, 0.3149999976158142, -209.15904496610892, 172.59456007063272, 0.3149999976158142, -195.41685746610892, 144.59456007063272, 0.3149999976158142, -176.44810746610892, 163.92268507063272, 0.3149999976158142, -186.01451371610892, 142.01643507063272, 0.3149999976158142, -196.91685746610892, 138.92268507063272, 0.3149999976158142, -187.50670121610892, 136.42268507063272, 0.3149999976158142, -174.94810746610892, 139.07893507063272, 0.3149999976158142, -167.17466996610892, 168.37581007063272, 0.3149999976158142, -174.73716996610892, 170.37581007063272, 0.3149999976158142, -209.15904496610892, 172.59456007063272, 12.070999145507812, -215.19810746610892, 149.84456007063272, 12.070999145507812, -195.41685746610892, 144.59456007063272, 12.070999145507812, -196.91685746610892, 138.92268507063272, 12.070999145507812, -187.50670121610892, 136.42268507063272, 12.070999145507812, -186.01451371610892, 142.01643507063272, 12.070999145507812, -174.94810746610892, 139.07893507063272, 12.070999145507812, -167.17466996610892, 168.37581007063272, 12.070999145507812, -174.73716996610892, 170.37581007063272, 12.070999145507812, -176.44810746610892, 163.92268507063272, 12.070999145507812], "f": [0, 1, 2, 2, 1, 3, 4, 2, 3, 5, 2, 4, 6, 5, 4, 4, 3, 7, 8, 7, 3, 8, 3, 9, 0, 10, 1, 0, 11, 10, 12, 11, 0, 12, 0, 2, 2, 5, 13, 2, 13, 12, 14, 13, 5, 14, 5, 6, 15, 14, 6, 15, 6, 4, 15, 7, 16, 15, 4, 7, 16, 8, 17, 16, 7, 8, 9, 17, 8, 9, 18, 17, 9, 3, 19, 9, 19, 18, 1, 19, 3, 1, 10, 19, 10, 11, 12, 19, 10, 12, 19, 12, 15, 19, 15, 16, 19, 16, 17, 18, 19, 17, 15, 12, 13, 15, 13, 14]}, "centroids": [[-191.03383544741519, 155.5540440948389, 0.3149999976158142]]}, "mtl": {"idx": 0}}, {"geom": {"triangles": {"v": [-168.40513871610892, 70.61018507063272, 0.46000000834465027, -173.62388871610892, 73.03206007063272, 0.46000000834465027, -166.94420121610892, 73.76643507063272, 0.46000000834465027, -172.16685746610892, 76.18831007063272, 0.46000000834465027, -173.62388871610892, 73.03206007063272, 3.4600000381469727, -172.16685746610892, 76.18831007063272, 3.4600000381469727, -168.40513871610892, 70.61018507063272, 3.4600000381469727, -166.94420121610892, 73.76643507063272, 3.4600000381469727], "f": [0, 1, 2, 1, 3, 2, 3, 1, 4, 3, 4, 5, 4, 0, 6, 4, 1, 0, 6, 2, 7, 6, 0, 2, 3, 7, 2, 3, 5, 7, 5, 4, 7, 4, 6, 7]}, "centroids": [[-170.2861922902448, 73.39986899140058, 0.46000000834465027]]}, "mtl": {"idx": 0}}, {"geom": {"triangles": {"v": [-142.62779496610892, 161.76643507063272, 0.36399999260902405, -139.15513871610892, 174.84456007063272, 0.36399999260902405, -133.09654496610892, 159.25081007063272, 0.36399999260902405, -104.01451371610892, 165.54768507063272, 0.36399999260902405, -111.34654496610892, 137.89143507063272, 0.36399999260902405, -136.95591996610892, 144.67268507063272, 0.36399999260902405, -104.01451371610892, 165.54768507063272, 6.736999988555908, -139.15513871610892, 174.84456007063272, 6.736999988555908, -142.62779496610892, 161.76643507063272, 6.736999988555908, -133.09654496610892, 159.25081007063272, 6.736999988555908, -136.95591996610892, 144.67268507063272, 6.736999988555908, -111.34654496610892, 137.89143507063272, 6.736999988555908], "f": [0, 1, 2, 2, 1, 3, 4, 2, 3, 5, 2, 4, 1, 6, 3, 1, 7, 6, 1, 0, 8, 1, 8, 7, 9, 8, 0, 9, 0, 2, 5, 9, 2, 5, 10, 9, 10, 4, 11, 10, 5, 4, 11, 3, 6, 11, 4, 3, 7, 8, 9, 7, 9, 6, 9, 11, 6, 9, 10, 11]}, "centroids": [[-122.8273729640423, 156.89528984198114, 0.36399999260902405]]},