{"type": "block", "layer": 2, "block": 0, "features": [{"geom": {"triangles": {"v": [-46.01216345139983, 27.594770551135298, 0.5460000038146973, -51.46138220139983, 30.219770551135298, 0.5460000038146973, -44.77388220139983, 30.157270551135298, 0.5460000038146973, -50.22310095139983, 32.7978955511353, 0.5460000038146973, -50.22310095139983, 32.7978955511353, 3.5460000038146973, -51.46138220139983, 30.219770551135298, 3.5460000038146973, -46.01216345139983, 27.594770551135298, 3.5460000038146973, -44.77388220139983, 30.157270551135298, 3.5460000038146973], "f": [0, 1, 2, 1, 3, 2, 1, 4, 3, 1, 5, 4, 5, 0, 6, 5, 1, 0, 6, 2, 7, 6, 0, 2, 3, 7, 2, 3, 4, 7, 7, 4, 5, 7, 5, 6]}, "centroids": [[-48.118085589201655, 30.191803583555156, 0.5460000038146973]]}, "mtl": {"idx": 0}}, {"geom": {"triangles": {"v": [-57.09419470139983, 204.0010205511353, 0.27900001406669617, -54.23091345139983, 212.3447705511353, 0.27900001406669617, -52.34028845139983, 202.3760205511353, 0.27900001406669617, -49.48872595139983, 210.7353955511353, 0.27900001406669617, -54.23091345139983, 212.3447705511353, 2.938732147216797, -57.09419470139983, 204.0010205511353, 2.938732147216797, -52.34028845139983, 202.3760205511353, 2.938732147216797, -49.48872595139983, 210.7353955511353, 2.938732147216797], "f": [0, 1, 2, 2, 1, 3, 0, 4, 1, 0, 5, 4, 5, 2, 6, 5, 0, 2, 6, 3, 7, 6, 2, 3, 1, 7, 3, 1, 4, 7, 4, 5, 6, 4, 6, 7]}, "centroids": [[-53.289698768167, 207.36141341613256, 0.27900001406669617]]}, "mtl": {"idx": 0}}, {"geom": {"triangles": {"v": [-67.72310095139983, 162.5947705511353, 0.3190000057220459, -75.47310095139983, 164.5010205511353, 0.3190000057220459, -64.92231970139983, 173.9697705511353, 0.3190000057220459, -72.67231970139983, 175.8916455511353, 0.3190000057220459, -72.67231970139983, 175.8916455511353, 4.755999565124512, -75.47310095139983, 164.5010205511353, 4.755999565124512, -67.72310095139983, 162.5947705511353, 4.755999565124512, -64.92231970139983, 173.9697705511353, 4.755999565124512], "f": [0, 1, 2, 1, 3, 2, 1, 4, 3, 1, 5, 4, 5, 0, 6, 5, 1, 0, 7, 6, 0, 7, 0, 2, 3, 7, 2, 3, 4, 7, 4, 5, 7, 5, 6, 7]}, "centroids": [[-70.19703418412246, 169.24034781457158, 0.3190000057220459]]}, "mtl": {"idx": 0}}, {"geom": {"triangles": {"v": [-90.56294470139983, 111.8135205511353, 0.3149999976158142, -84.52388220139983, 134.5635205511353, 0.3149999976158142, -70.78169470139983, 106.5635205511353, 0.3149999976158142, -51.81294470139983, 125.8916455511353, 0.3149999976158142, -61.37935095139983, 103.9853955511353, 0.3149999976158142, -72.28169470139983, 100.8916455511353, 0.3149999976158142, -62.87153845139983, 98.3916455511353, 0.3149999976158142, -50.31294470139983, 101.0478955511353, 0.3149999976158142, -42.53950720139983, 130.3447705511353, 0.3149999976158142, -50.10200720139983, 132.3447705511353, 0.3149999976158142, -84.52388220139983, 134.5635205511353, 12.070999145507812, -90.56294470139983, 111.8135205511353, 12.070999145507812, -70.78169470139983, 106.5635205511353, 12.070999145507812, -72.28169470139983, 100.8916455511353, 12.070999145507812, -62.87153845139983, 98.3916455511353, 12.070999145507812, -61.37935095139983, 103.9853955511353, 12.070999145507812, -50.31294470139983, 101.0478955511353, 12.070999145507812, -42.53950720139983, 130.3447705511353, 12.070999145507812, -50.10200720139983, 132.3447705511353, 12.070999145507812, -51.81294470139983, 125.8916455511353, 12.070999145507812], "f": [0, 1, 2, 2, 1, 3, 4, 2, 3, 5, 2, 4, 6, 5, 4, 4, 3, 7, 8, 7, 3, 8, 3, 9, 0, 10, 1, 0, 11, 10, 12, 11, 0, 12, 0, 2, 2, 5, 13, 2, 13, 12, 14, 13, 5, 14, 5, 6, 15, 14, 6, 15, 6, 4, 15, 7, 16, 15, 4, 7, 16, 8, 17, 16, 7, 8, 9, 17, 8, 9, 18, 17, 9, 3, 19, 9, 19, 18, 1, 19, 3, 1, 10, 19, 10, 11, 12, 19, 10, 12, 19, 12, 15, 19, 15, 16, 19, 16, 17, 18, 19, 17, 15, 12, 13, 15, 13, 14]}, "centroids": [[-66.39867268270609, 117.52300457534147, 0.3149999976158142]]}, "mtl": {"idx": 0}}, {"geom": {"triangles": {"v": [-43.76997595139983, 32.5791455511353, 0.46000000834465027, -48.98872595139983, 35.0010205511353, 0.46000000834465027, -42.30903845139983, 35.7353955511353, 0.46000000834465027, -47.53169470139983, 38.1572705511353, 0.46000000834465027, -48.98872595139983, 35.0010205511353, 3.4600000381469727, -47.53169470139983, 38.1572705511353, 3.4600000381469727, -43.76997595139983, 32.5791455511353, 3.4600000381469727, -42.30903845139983, 35.7353955511353, 3.4600000381469727], "f": [0, 1, 2, 1, 3, 2, 3, 1, 4, 3, 4, 5, 4, 0, 6, 4, 1, 0, 6, 2, 7, 6, 0, 2, 3, 7, 2, 3, 5, 7, 5, 4, 7, 4, 6, 7]}, "centroids": [[-45.651029525535705, 35.368829471903155, 0.46000000834465027]]}, "mtl": {"idx": 0}}, {"geom": {"triangles": {"v": [-17.99263220139983, 123.7353955511353, 0.36399999260902405, -14.519975951399829, 136.8135205511353, 0.36399999260902405, -8.461382201399829, 121.2197705511353, 0.36399999260902405, 20.62064904860017, 127.5166455511353, 0.36399999260902405, 13.288617798600171, 99.8603955511353, 0.36399999260902405, -12.320757201399829, 106.6416455511353, 0.36399999260902405, 20.62064904860017, 127.5166455511353, 6.736999988555908, -14.519975951399829, 136.8135205511353, 6.736999988555908, -17.99263220139983, 123.7353955511353, 6.736999988555908, -8.461382201399829, 121.2197705511353, 6.736999988555908, -12.320757201399829, 106.6416455511353, 6.736999988555908, 13.288617798600171, 99.8603955511353, 6.736999988555908], "f": [0, 1, 2, 2, 1, 3, 4, 2, 3, 5, 2, 4, 1, 6, 3, 1, 7, 6, 1, 0, 8, 1, 8, 7, 9, 8, 0, 9, 0, 2, 5, 9, 2, 5, 10, 9, 10, 4, 11, 10, 5, 4, 11, 3, 6, 11, 4, 3, 7, 8, 9, 7, 9, 6, 9, 11, 6, 9, 10, 11]}, "centroids": [[1.8077898006667965, 118.86425032248371, 0.36399999260902405]]},