{"type": "block", "layer": 2, "block": 1, "features": [{"geom": {"triangles": {"v": [349.3804466947695, -975.4221264059597, 1.3739999532699585, 339.6031029447695, -971.1877514059597, 1.3739999532699585, 350.2632591947695, -966.0940014059597, 1.3739999532699585, 354.3726341947695, -977.8283764059597, 1.3739999532699585, 348.3218529447695, -977.8752514059597, 1.3739999532699585, 353.3999779447695, -980.0783764059597, 1.3739999532699585, 359.3218529447695, -979.9846264059597, 1.3739999532699585, 374.3531029447695, -945.3440014059597, 1.3739999532699585, 361.6616966947695, -939.8283764059597, 1.3739999532699585, 343.1499779447695, -963.0158764059597, 1.3739999532699585, 350.2632591947695, -966.0940014059597, 7.085000038146973, 343.1499779447695, -963.0158764059597, 7.085000038146973, 339.6031029447695, -971.1877514059597, 7.085000038146973, 349.3804466947695, -975.4221264059597, 7.085000038146973, 348.3218529447695, -977.8752514059597, 7.085000038146973, 353.3999779447695, -980.0783764059597, 7.085000038146973, 354.3726341947695, -977.8283764059597, 7.085000038146973, 359.3218529447695, -979.9846264059597, 7.085000038146973, 374.3531029447695, -945.3440014059597, 7.085000038146973, 361.6616966947695, -939.8283764059597, 7.085000038146973], "f": [0, 1, 2, 0, 2, 3, 4, 0, 3, 5, 4, 3, 2, 6, 3, 7, 6, 2, 7, 2, 8, 2, 1, 9, 9, 10, 2, 9, 11, 10, 1, 11, 9, 1, 12, 11, 12, 0, 13, 12, 1, 0, 0, 4, 14, 0, 14, 13, 14, 5, 15, 14, 4, 5, 15, 3, 16, 15, 5, 3, 17, 16, 3, 17, 3, 6, 17, 7, 18, 17, 6, 7, 7, 8, 19, 7, 19, 18, 2, 19, 8, 2, 10, 19, 11, 12, 10, 12, 13, 10, 10, 13, 16, 10, 16, 17, 18, 10, 17, 19, 10, 18, 13, 14, 16, 14, 15, 16]}, "centroids": [[358.5195582635206, -961.2904161011393, 1.3739999532699585]]}, "mtl": {"idx": 0}}, {"geom": {"triangles": {"v": [1134.8023216947695, -936.5002514059597, 0.7509999871253967, 1124.7749779447695, -908.3908764059597, 0.7509999871253967, 1136.4038841947695, -935.9221264059597, 0.7509999871253967, 1152.3531029447695, -919.9533764059597, 0.7509999871253967, 1155.5249779447695, -928.9065014059597, 0.7509999871253967, 1156.5952904447695, -945.1252514059597, 0.7509999871253967, 1141.4351341947695, -951.1096264059597, 0.7509999871253967, 1156.8140404447695, -945.7815014059597, 0.7509999871253967, 1175.6421654447695, -921.8127514059597, 0.7509999871253967, 1204.2163841947695, -928.6252514059597, 0.7509999871253967, 1198.6226341947695, -912.4846264059597, 0.7509999871253967, 1175.4116966947695, -920.8752514059597, 0.7509999871253967, 1145.1616966947695, -900.6877514059597, 0.7509999871253967, 1153.3452904447695, -904.5471264059597, 0.7509999871253967, 1158.0835716947695, -917.9065014059597, 0.7509999871253967, 1151.3140404447695, -897.5158764059597, 0.7509999871253967, 1153.9859154447695, -904.1565014059597, 0.7509999871253967, 1144.9546654447695, -900.0783764059597, 0.7509999871253967, 1134.8023216947695, -936.5002514059597, 13.82800006866455, 1136.4038841947695, -935.9221264059597, 13.82800006866455, 1141.4351341947695, -951.1096264059597, 13.82800006866455, 1156.8140404447695, -945.7815014059597, 13.82800006866455, 1156.5952904447695, -945.1252514059597, 13.82800006866455, 1204.2163841947695, -928.6252514059597, 13.82800006866455, 1198.6226341947695, -912.4846264059597, 13.82800006866455, 1175.4116966947695, -920.8752514059597, 13.82800006866455, 1175.6421654447695, -921.8127514059597, 13.82800006866455, 1155.5249779447695, -928.9065014059597, 13.82800006866455, 1152.3531029447695, -919.9533764059597, 13.82800006866455, 1158.0835716947695, -917.9065014059597, 13.82800006866455, 1153.3452904447695, -904.5471264059597, 13.82800006866455, 1153.9859154447695, -904.1565014059597, 13.82800006866455, 1151.3140404447695, -897.5158764059597, 13.82800006866455, 1144.9546654447695, -900.0783764059597, 13.82800006866455, 1145.1616966947695, -900.6877514059597, 13.82800006866455, 1124.7749779447695, -908.3908764059597, 13.82800006866455], "f": [0, 1, 2, 2, 1, 3, 2, 3, 4, 2, 4, 5, 6, 2, 5, 6, 5, 7, 5, 4, 8, 5, 8, 9, 8, 10, 9, 8, 11, 10, 1, 12, 3, 3, 12, 13, 3, 13, 14, 13, 12, 15, 16, 13, 15, 12, 17, 15, 18, 2, 19, 18, 0, 2, 20, 19, 2, 20, 2, 6, 20, 7, 21, 20, 6, 7, 7, 5, 22, 7, 22, 21, 22, 9, 23, 22, 5, 9, 10, 23, 9, 10, 24, 23, 11, 24, 10, 11, 25, 24, 25, 8, 26, 25, 11, 8, 8, 4, 27, 8, 27, 26, 3, 27, 4, 3, 28, 27, 29, 28, 3, 29, 3, 14, 13, 29, 14, 13, 30, 29, 31, 30, 13, 31, 13, 16, 15, 31, 16, 15, 32, 31, 17, 32, 15, 17, 33, 32, 34, 33, 17, 34, 17, 12, 1, 34, 12, 1, 35, 34, 35, 0, 18, 35, 1, 0, 34, 35, 28, 30, 34, 28, 32, 34, 30, 33, 34, 32, 32, 30, 31, 30, 28, 29, 35, 19, 28, 35, 18, 19, 28, 19, 27, 27, 19, 22, 26, 27, 22, 23, 26, 22, 24, 26, 23, 25, 26, 24, 19, 20, 22, 22, 20, 21]}, "centroids": [[1158.5024254792515, -925.5130289153894, 0.7509999871253967]]}, "mtl": {"idx": 0}}, {"geom": {"triangles": {"v": [-1468.5570533052305, -584.6408764059597, 0.4300000071525574, -1468.5922095552305, -577.1408764059597, 0.4300000071525574, -1401.7640845552305, -569.9533764059597, 0.4300000071525574, -1451.2562720552305, -671.4221264059597, 0.4300000071525574, -1459.3851783052305, -670.8440014059597, 0.4300000071525574, -1387.5570533052305, -664.9065014059597, 0.4300000071525574, -1396.7679908052305, -570.5783764059597, 0.4300000071525574, -1468.5570533052305, -584.6408764059597, 11.563000679016113, -1468.5922095552305, -577.1408764059597, 11.563000679016113, -1459.3851783052305, -670.8440014059597, 11.563000679016113, -1451.2562720552305, -671.4221264059597, 11.563000679016113, -1387.5570533052305, -664.9065014059597, 11.563000679016113, -1396.7679908052305, -570.5783764059597, 11.563000679016113, -1401.7640845552305, -569.9533764059597, 11.563000679016113], "f": [0, 1, 2, 3, 0, 2, 3, 4, 0, 2, 5, 3, 2, 6, 5, 7, 8, 1, 7, 1, 0, 7, 4, 9, 7, 0, 4, 9, 3, 10, 9, 4, 3, 11, 10, 3, 11, 3, 5, 5, 6, 12, 5, 12, 11, 6, 2, 13, 6, 13, 12, 2, 1, 8, 2, 8, 13, 13, 8, 7, 10, 13, 7, 13, 10, 11, 11, 12, 13, 7, 9, 10]}, "centroids": [[-1428.2133461979247, -620.8528671139211, 0.4300000071525574]]}, "mtl": {"idx": 0}}, {"geom": {"triangles": {"v": [-2056.3187720552305, 966.7341235940403, 0.2630000114440918, -2056.9711158052305, 970.4684985940403, 0.2630000114440918, -2036.3187720552305, 969.9528735940403, 0.2630000114440918, -2056.2523658052305, 952.3434985940403, 0.2630000114440918, -2034.9476783052305, 938.1091235940403, 0.2630000114440918, -2054.9125220552305, 932.4059985940403, 0.2630000114440918, -2036.1468970552305, 933.1091235940403, 0.2630000114440918, -2036.1468970552305, 933.1091235940403, 5.380499839782715, -2034.9476783052305, 938.1091235940403, 5.380499839782715, -2036.3187720552305, 969.9528735940403, 5.380499839782715, -2056.9711158052305, 970.4684985940403, 5.380499839782715, -2056.3187720552305, 966.7341235940403, 5.380499839782715, -2056.2523658052305, 952.3434985940403, 5.380499839782715, -2054.9125220552305, 932.4059985940403, 5.380499839782715], "f": [0, 1, 2, 3, 0, 2, 3, 2, 4, 4, 5, 3, 6, 5, 4, 7, 4, 8, 7, 6, 4, 2, 8, 4, 2, 9, 8, 1, 9, 2, 1, 10, 9, 10, 0, 11, 10, 1, 0, 12, 11, 0, 12, 0, 3, 12, 5, 13, 12, 3, 5, 13, 6, 7, 13, 5, 6, 10, 11, 9, 11, 12, 9, 9, 12, 8, 8, 12, 13, 8, 13, 7]}, "centroids": [[-2045.845969916998, 951.5662901425967, 0.2630000114440918]]}, "mtl": {"idx": 0}}], "featureCount": 4, "startIndex": 50}