{"type": "block", "layer": 3, "block": 86, "features": [{"geom": {"triangles": {"v": [123.18044532392378, -490.8813056909712, 1.996000051498413, 114.66091407392378, -484.9125556909712, 1.996000051498413, 126.07888282392378, -481.2719306909712, 1.996000051498413, 128.66091407392378, -483.0688056909712, 1.996000051498413, 125.39919532392378, -469.6000556909712, 1.996000051498413, 131.34060157392378, -473.7719306909712, 1.996000051498413, 126.07888282392378, -481.2719306909712, 6.956999778747559, 128.66091407392378, -483.0688056909712, 6.956999778747559, 131.34060157392378, -473.7719306909712, 6.956999778747559, 125.39919532392378, -469.6000556909712, 6.956999778747559, 114.66091407392378, -484.9125556909712, 6.956999778747559, 123.18044532392378, -490.8813056909712, 6.956999778747559, 114.66091407392378, -484.9125556909712, 6.957000255584717, 123.18044532392378, -490.8813056909712, 6.957000255584717], "f": [0, 1, 2, 0, 2, 3, 1, 4, 2, 2, 4, 5, 3, 2, 6, 3, 6, 7, 6, 5, 8, 6, 2, 5, 5, 4, 9, 5, 9, 8, 4, 1, 10, 4, 10, 9, 10, 0, 11, 10, 1, 0, 11, 3, 7, 11, 0, 3, 9, 12, 6, 9, 6, 8, 6, 12, 13, 7, 6, 13]}, "centroids": [[123.29493039842055, -480.5578740553465, 1.996000051498413]]}, "mtl": {"idx": 0}}], "featureCount": 1, "startIndex": 4300}