{"type": "block", "layer": 4, "block": 86, "features": [{"geom": {"triangles": {"v": [123.8433468165531, -453.74740960091003, 1.996000051498413, 115.3238155665531, -447.77865960091003, 1.996000051498413, 126.7417843165531, -444.13803460091003, 1.996000051498413, 129.3238155665531, -445.93490960091003, 1.996000051498413, 126.0620968165531, -432.46615960091003, 1.996000051498413, 132.0035030665531, -436.63803460091003, 1.996000051498413, 126.7417843165531, -444.13803460091003, 6.956999778747559, 129.3238155665531, -445.93490960091003, 6.956999778747559, 132.0035030665531, -436.63803460091003, 6.956999778747559, 126.0620968165531, -432.46615960091003, 6.956999778747559, 115.3238155665531, -447.77865960091003, 6.956999778747559, 123.8433468165531, -453.74740960091003, 6.956999778747559, 115.3238155665531, -447.77865960091003, 6.957000255584717, 123.8433468165531, -453.74740960091003, 6.957000255584717], "f": [0, 1, 2, 0, 2, 3, 1, 4, 2, 2, 4, 5, 3, 2, 6, 3, 6, 7, 6, 5, 8, 6, 2, 5, 5, 4, 9, 5, 9, 8, 4, 1, 10, 4, 10, 9, 10, 0, 11, 10, 1, 0, 11, 3, 7, 11, 0, 3, 9, 12, 6, 9, 6, 8, 6, 12, 13, 7, 6, 13]}, "centroids": [[123.95783189104986, -443.4239779652853, 1.996000051498413]]}, "mtl": {"idx": 0}}], "featureCount": 1, "startIndex": 4300}