{"type": "block", "layer": 4, "block": 0, "features": [{"geom": {"triangles": {"v": [679.1248398044336, -408.67973703693133, 1.659000039100647, 676.2459335544336, -408.35161203693133, 1.659000039100647, 679.2459335544336, -399.99223703693133, 1.659000039100647, 703.7146835544336, -407.53911203693133, 1.659000039100647, 682.5740585544336, -416.58598703693133, 1.659000039100647, 702.9373398044336, -414.42973703693133, 1.659000039100647, 681.6365585544336, -424.89848703693133, 1.659000039100647, 707.2459335544336, -427.78911203693133, 1.659000039100647, 708.6756210544336, -415.08598703693133, 1.659000039100647, 678.2849960544336, -416.10161203693133, 1.659000039100647, 704.5154648044336, -403.61723703693133, 1.659000039100647, 708.7459335544336, -408.10161203693133, 1.659000039100647, 709.1951523044336, -404.14848703693133, 1.659000039100647, 704.8045273044336, -401.00786203693133, 1.659000039100647, 679.4568710544336, -398.13286203693133, 1.659000039100647, 677.2146835544336, -399.75786203693133, 1.659000039100647, 679.4568710544336, -398.13286203693133, 8.290499687194824, 679.2459335544336, -399.99223703693133, 8.290499687194824, 677.2146835544336, -399.75786203693133, 8.290499687194824, 676.2459335544336, -408.35161203693133, 8.290499687194824, 679.1248398044336, -408.67973703693133, 8.290499687194824, 678.2849960544336, -416.10161203693133, 8.290499687194824, 682.5740585544336, -416.58598703693133, 8.290499687194824, 681.6365585544336, -424.89848703693133, 8.290499687194824, 707.2459335544336, -427.78911203693133, 8.290499687194824, 708.6756210544336, -415.08598703693133, 8.290499687194824, 702.9373398044336, -414.42973703693133, 8.290499687194824, 703.7146835544336, -407.53911203693133, 8.290499687194824, 708.7459335544336, -408.10161203693133, 8.290499687194824, 709.1951523044336, -404.14848703693133, 8.290499687194824, 704.5154648044336, -403.61723703693133, 8.290499687194824, 704.8045273044336, -401.00786203693133, 8.290499687194824], "f": [0, 1, 2, 0, 2, 3, 3, 4, 0, 3, 5, 4, 6, 4, 5, 7, 6, 5, 7, 5, 8, 4, 9, 0, 3, 2, 10, 3, 10, 11, 11, 10, 12, 10, 2, 13, 13, 2, 14, 1, 15, 2, 2, 16, 14, 2, 17, 16, 15, 17, 2, 15, 18, 17, 1, 18, 15, 1, 19, 18, 20, 19, 1, 20, 1, 0, 0, 9, 21, 0, 21, 20, 21, 4, 22, 21, 9, 4, 6, 22, 4, 6, 23, 22, 23, 7, 24, 23, 6, 7, 25, 24, 7, 25, 7, 8, 5, 25, 8, 5, 26, 25, 26, 3, 27, 26, 5, 3, 27, 11, 28, 27, 3, 11, 28, 12, 29, 28, 11, 12, 10, 29, 12, 10, 30, 29, 30, 13, 31, 30, 10, 13, 14, 31, 13, 14, 16, 31, 18, 19, 17, 19, 20, 17, 27, 17, 20, 17, 27, 30, 17, 30, 31, 16, 17, 31, 30, 27, 28, 30, 28, 29, 27, 20, 22, 22, 26, 27, 26, 22, 23, 24, 26, 23, 25, 26, 24, 20, 21, 22]}, "centroids": [[692.8757535241239, -412.63158054699306, 1.659000039100647]]}, "mtl": {"idx": 0}, "lbl": "長吉", "lh": 50.0}, {"geom": {"triangles": {"v": [1094.4256210544336, -584.4922370369313, 1.4859999418258667, 1095.4178085544336, -575.9297370369313, 1.4859999418258667, 1100.4139023044336, -585.1797370369313, 1.4859999418258667, 1101.3982773044336, -576.6172370369313, 1.4859999418258667, 1101.3982773044336, -576.6172370369313, 5.066499710083008, 1095.4178085544336, -575.9297370369313, 5.066499710083008, 1094.4256210544336, -584.4922370369313, 5.066499710083008, 1100.4139023044336, -585.1797370369313, 5.066499710083008], "f": [0, 1, 2, 2, 1, 3, 1, 4, 3, 1, 5, 4, 0, 5, 1, 0, 6, 5, 6, 2, 7, 6, 0, 2, 7, 3, 4, 7, 2, 3, 5, 6, 7, 4, 5, 7]}, "centroids": [[1097.9134428017933, -580.5502803607669, 1.4859999418258667]]}, "mtl": {"idx": 0}, "lbl": "どんぞこ", "lh": 50.0}, {"geom": {"triangles": {"v": [-1489.2540664455664, -2157.7891120369313, 2.2660000324249268, -1484.1525039455664, -2157.2734870369313, 2.2660000324249268, -1482.4845351955664, -2213.3672370369313, 2.2660000324249268, -1477.3946914455664, -2212.8516120369313, 2.2660000324249268, -1489.2540664455664, -2157.7891120369313, 7.111499786376953, -1482.4845351955664, -2213.3672370369313, 7.111499786376953, -1477.3946914455664, -2212.8516120369313, 7.111499786376953, -1484.1525039455664, -2157.2734870369313, 7.111499786376953], "f": [0, 1, 2, 2, 1, 3, 4, 2, 5, 4, 0, 2, 5, 3, 6, 5, 2, 3, 1, 6, 3, 1, 7, 6, 0, 7, 1, 0, 4, 7, 7, 4, 5, 7, 5, 6]}, "centroids": [[-1483.3222690979455, -2185.3136376138427, 2.2660000324249268]]}, "mtl": {"idx": 0}, "lbl": "川多津", "lh": 50.0}, {"geom": {"triangles": {"v": [-1907.1368789455664, -2426.9297370369313, 2.8480000495910645, -1914.4064101955664, -2424.8203620369313, 2.8480000495910645, -1905.5040664455664, -2421.2891120369313, 2.8480000495910645, -1912.7853164455664, -2419.1953620369313, 2.8480000495910645, -1912.7853164455664, -2419.1953620369313, 5.8480000495910645, -1914.4064101955664, -2424.8203620369313, 5.8480000495910645, -1907.1368789455664, -2426.9297370369313, 5.8480000495910645, -1905.5040664455664, -2421.2891120369313, 5.8480000495910645], "f": [0, 1, 2, 1, 3, 2, 1, 4, 3, 1, 5, 4, 5, 0, 6, 5, 1, 0, 6, 2, 7, 6, 0, 2, 3, 7, 2, 3, 4, 7, 7, 4, 5, 7, 5, 6]}, "centroids": [[-1909.9573839406876, -2423.0568149455357, 2.8480000495910645]]}, "mtl": {"idx": 0}, "lbl": "kenken餃子", "lh": 50.0}], "featureCount": 4, "startIndex": 0}