{"type": "block", "layer": 4, "block": 0, "features": [{"geom": {"triangles": {"v": [607.4347050338911, -364.1241899293673, 1.659000039100647, 604.5557987838911, -363.7960649293673, 1.659000039100647, 607.5557987838911, -355.4366899293673, 1.659000039100647, 632.0245487838911, -362.9835649293673, 1.659000039100647, 610.8839237838911, -372.0304399293673, 1.659000039100647, 631.2472050338911, -369.8741899293673, 1.659000039100647, 609.9464237838911, -380.3429399293673, 1.659000039100647, 635.5557987838911, -383.2335649293673, 1.659000039100647, 636.9854862838911, -370.5304399293673, 1.659000039100647, 606.5948612838911, -371.5460649293673, 1.659000039100647, 632.8253300338911, -359.0616899293673, 1.659000039100647, 637.0557987838911, -363.5460649293673, 1.659000039100647, 637.5050175338911, -359.5929399293673, 1.659000039100647, 633.1143925338911, -356.4523149293673, 1.659000039100647, 607.7667362838911, -353.5773149293673, 1.659000039100647, 605.5245487838911, -355.2023149293673, 1.659000039100647, 607.7667362838911, -353.5773149293673, 8.290499687194824, 607.5557987838911, -355.4366899293673, 8.290499687194824, 605.5245487838911, -355.2023149293673, 8.290499687194824, 604.5557987838911, -363.7960649293673, 8.290499687194824, 607.4347050338911, -364.1241899293673, 8.290499687194824, 606.5948612838911, -371.5460649293673, 8.290499687194824, 610.8839237838911, -372.0304399293673, 8.290499687194824, 609.9464237838911, -380.3429399293673, 8.290499687194824, 635.5557987838911, -383.2335649293673, 8.290499687194824, 636.9854862838911, -370.5304399293673, 8.290499687194824, 631.2472050338911, -369.8741899293673, 8.290499687194824, 632.0245487838911, -362.9835649293673, 8.290499687194824, 637.0557987838911, -363.5460649293673, 8.290499687194824, 637.5050175338911, -359.5929399293673, 8.290499687194824, 632.8253300338911, -359.0616899293673, 8.290499687194824, 633.1143925338911, -356.4523149293673, 8.290499687194824], "f": [0, 1, 2, 0, 2, 3, 3, 4, 0, 3, 5, 4, 6, 4, 5, 7, 6, 5, 7, 5, 8, 4, 9, 0, 3, 2, 10, 3, 10, 11, 11, 10, 12, 10, 2, 13, 13, 2, 14, 1, 15, 2, 2, 16, 14, 2, 17, 16, 15, 17, 2, 15, 18, 17, 1, 18, 15, 1, 19, 18, 20, 19, 1, 20, 1, 0, 0, 9, 21, 0, 21, 20, 21, 4, 22, 21, 9, 4, 6, 22, 4, 6, 23, 22, 23, 7, 24, 23, 6, 7, 25, 24, 7, 25, 7, 8, 5, 25, 8, 5, 26, 25, 26, 3, 27, 26, 5, 3, 27, 11, 28, 27, 3, 11, 28, 12, 29, 28, 11, 12, 10, 29, 12, 10, 30, 29, 30, 13, 31, 30, 10, 13, 14, 31, 13, 14, 16, 31, 18, 19, 17, 19, 20, 17, 27, 17, 20, 17, 27, 30, 17, 30, 31, 16, 17, 31, 30, 27, 28, 30, 28, 29, 27, 20, 22, 22, 26, 27, 26, 22, 23, 24, 26, 23, 25, 26, 24, 20, 21, 22]}, "centroids": [[621.1856187535814, -368.076033439429, 1.659000039100647]]}, "mtl": {"idx": 0}, "lbl": "長吉", "lh": 50.0}, {"geom": {"triangles": {"v": [1022.7354862838911, -539.9366899293673, 1.4859999418258667, 1023.7276737838911, -531.3741899293673, 1.4859999418258667, 1028.723767533891, -540.6241899293673, 1.4859999418258667, 1029.708142533891, -532.0616899293673, 1.4859999418258667, 1029.708142533891, -532.0616899293673, 5.066499710083008, 1023.7276737838911, -531.3741899293673, 5.066499710083008, 1022.7354862838911, -539.9366899293673, 5.066499710083008, 1028.723767533891, -540.6241899293673, 5.066499710083008], "f": [0, 1, 2, 2, 1, 3, 1, 4, 3, 1, 5, 4, 0, 5, 1, 0, 6, 5, 6, 2, 7, 6, 0, 2, 7, 3, 4, 7, 2, 3, 5, 6, 7, 4, 5, 7]}, "centroids": [[1026.2233080312508, -535.9947332532029, 1.4859999418258667]]}, "mtl": {"idx": 0}, "lbl": "どんぞこ", "lh": 50.0}, {"geom": {"triangles": {"v": [-1560.944201216109, -2113.2335649293673, 2.2660000324249268, -1555.842638716109, -2112.7179399293673, 2.2660000324249268, -1554.174669966109, -2168.8116899293673, 2.2660000324249268, -1549.084826216109, -2168.2960649293673, 2.2660000324249268, -1560.944201216109, -2113.2335649293673, 7.111499786376953, -1554.174669966109, -2168.8116899293673, 7.111499786376953, -1549.084826216109, -2168.2960649293673, 7.111499786376953, -1555.842638716109, -2112.7179399293673, 7.111499786376953], "f": [0, 1, 2, 2, 1, 3, 4, 2, 5, 4, 0, 2, 5, 3, 6, 5, 2, 3, 1, 6, 3, 1, 7, 6, 0, 7, 1, 0, 4, 7, 7, 4, 5, 7, 5, 6]}, "centroids": [[-1555.012403868488, -2140.7580905062787, 2.2660000324249268]]}, "mtl": {"idx": 0}, "lbl": "川多津", "lh": 50.0}, {"geom": {"triangles": {"v": [-1978.827013716109, -2382.3741899293673, 2.8480000495910645, -1986.096544966109, -2380.2648149293673, 2.8480000495910645, -1977.194201216109, -2376.7335649293673, 2.8480000495910645, -1984.475451216109, -2374.6398149293673, 2.8480000495910645, -1984.475451216109, -2374.6398149293673, 5.8480000495910645, -1986.096544966109, -2380.2648149293673, 5.8480000495910645, -1978.827013716109, -2382.3741899293673, 5.8480000495910645, -1977.194201216109, -2376.7335649293673, 5.8480000495910645], "f": [0, 1, 2, 1, 3, 2, 1, 4, 3, 1, 5, 4, 5, 0, 6, 5, 1, 0, 6, 2, 7, 6, 0, 2, 3, 7, 2, 3, 4, 7, 7, 4, 5, 7, 5, 6]}, "centroids": [[-1981.64751871123, -2378.5012678379717, 2.8480000495910645]]}, "mtl": {"idx": 0}, "lbl": "kenken餃子", "lh": 50.0}], "featureCount": 4, "startIndex": 0}