{"type": "block", "layer": 4, "block": 0, "features": [{"geom": {"triangles": {"v": [649.443359375, -402.5625, 1.659000039100647, 646.564453125, -402.234375, 1.659000039100647, 649.564453125, -393.875, 1.659000039100647, 674.033203125, -401.421875, 1.659000039100647, 652.892578125, -410.46875, 1.659000039100647, 673.255859375, -408.3125, 1.659000039100647, 651.955078125, -418.78125, 1.659000039100647, 677.564453125, -421.671875, 1.659000039100647, 678.994140625, -408.96875, 1.659000039100647, 648.603515625, -409.984375, 1.659000039100647, 674.833984375, -397.5, 1.659000039100647, 679.064453125, -401.984375, 1.659000039100647, 679.513671875, -398.03125, 1.659000039100647, 675.123046875, -394.890625, 1.659000039100647, 649.775390625, -392.015625, 1.659000039100647, 647.533203125, -393.640625, 1.659000039100647, 649.775390625, -392.015625, 8.290499687194824, 649.564453125, -393.875, 8.290499687194824, 647.533203125, -393.640625, 8.290499687194824, 646.564453125, -402.234375, 8.290499687194824, 649.443359375, -402.5625, 8.290499687194824, 648.603515625, -409.984375, 8.290499687194824, 652.892578125, -410.46875, 8.290499687194824, 651.955078125, -418.78125, 8.290499687194824, 677.564453125, -421.671875, 8.290499687194824, 678.994140625, -408.96875, 8.290499687194824, 673.255859375, -408.3125, 8.290499687194824, 674.033203125, -401.421875, 8.290499687194824, 679.064453125, -401.984375, 8.290499687194824, 679.513671875, -398.03125, 8.290499687194824, 674.833984375, -397.5, 8.290499687194824, 675.123046875, -394.890625, 8.290499687194824], "f": [0, 1, 2, 0, 2, 3, 3, 4, 0, 3, 5, 4, 6, 4, 5, 7, 6, 5, 7, 5, 8, 4, 9, 0, 3, 2, 10, 3, 10, 11, 11, 10, 12, 10, 2, 13, 13, 2, 14, 1, 15, 2, 2, 16, 14, 2, 17, 16, 15, 17, 2, 15, 18, 17, 1, 18, 15, 1, 19, 18, 20, 19, 1, 20, 1, 0, 0, 9, 21, 0, 21, 20, 21, 4, 22, 21, 9, 4, 6, 22, 4, 6, 23, 22, 23, 7, 24, 23, 6, 7, 25, 24, 7, 25, 7, 8, 5, 25, 8, 5, 26, 25, 26, 3, 27, 26, 5, 3, 27, 11, 28, 27, 3, 11, 28, 12, 29, 28, 11, 12, 10, 29, 12, 10, 30, 29, 30, 13, 31, 30, 10, 13, 14, 31, 13, 14, 16, 31, 18, 19, 17, 19, 20, 17, 27, 17, 20, 17, 27, 30, 17, 30, 31, 16, 17, 31, 30, 27, 28, 30, 28, 29, 27, 20, 22, 22, 26, 27, 26, 22, 23, 24, 26, 23, 25, 26, 24, 20, 21, 22]}, "centroids": [[663.1942730946903, -406.51434351006174, 1.659000039100647]]}, "mtl": {"idx": 0}, "lbl": "長吉", "lh": 50.0}, {"geom": {"triangles": {"v": [1064.744140625, -578.375, 1.4859999418258667, 1065.736328125, -569.8125, 1.4859999418258667, 1070.732421875, -579.0625, 1.4859999418258667, 1071.716796875, -570.5, 1.4859999418258667, 1071.716796875, -570.5, 5.066499710083008, 1065.736328125, -569.8125, 5.066499710083008, 1064.744140625, -578.375, 5.066499710083008, 1070.732421875, -579.0625, 5.066499710083008], "f": [0, 1, 2, 2, 1, 3, 1, 4, 3, 1, 5, 4, 0, 5, 1, 0, 6, 5, 6, 2, 7, 6, 0, 2, 7, 3, 4, 7, 2, 3, 5, 6, 7, 4, 5, 7]}, "centroids": [[1068.2319623723597, -574.4330433238356, 1.4859999418258667]]}, "mtl": {"idx": 0}, "lbl": "どんぞこ", "lh": 50.0}, {"geom": {"triangles": {"v": [-1518.935546875, -2151.671875, 2.2660000324249268, -1513.833984375, -2151.15625, 2.2660000324249268, -1512.166015625, -2207.25, 2.2660000324249268, -1507.076171875, -2206.734375, 2.2660000324249268, -1518.935546875, -2151.671875, 7.111499786376953, -1512.166015625, -2207.25, 7.111499786376953, -1507.076171875, -2206.734375, 7.111499786376953, -1513.833984375, -2151.15625, 7.111499786376953], "f": [0, 1, 2, 2, 1, 3, 4, 2, 5, 4, 0, 2, 5, 3, 6, 5, 2, 3, 1, 6, 3, 1, 7, 6, 0, 7, 1, 0, 4, 7, 7, 4, 5, 7, 5, 6]}, "centroids": [[-1513.0037495273791, -2179.1964005769114, 2.2660000324249268]]}, "mtl": {"idx": 0}}, {"geom": {"triangles": {"v": [-1936.818359375, -2420.8125, 2.8480000495910645, -1944.087890625, -2418.703125, 2.8480000495910645, -1935.185546875, -2415.171875, 2.8480000495910645, -1942.466796875, -2413.078125, 2.8480000495910645, -1942.466796875, -2413.078125, 5.8480000495910645, -1944.087890625, -2418.703125, 5.8480000495910645, -1936.818359375, -2420.8125, 5.8480000495910645, -1935.185546875, -2415.171875, 5.8480000495910645], "f": [0, 1, 2, 1, 3, 2, 1, 4, 3, 1, 5, 4, 5, 0, 6, 5, 1, 0, 6, 2, 7, 6, 0, 2, 3, 7, 2, 3, 4, 7, 7, 4, 5, 7, 5, 6]}, "centroids": [[-1939.6388643701212, -2416.9395779086044, 2.8480000495910645]]}, "mtl": {"idx": 0}, "lbl": "kenken餃子", "lh": 50.0}, {"geom": {"triangles": {"v": [1119.595703125, 1612.5625, 0.9639999866485596, 1121.826171875, 1614.46875, 0.9639999866485596, 1125.865234375, 1605.21875, 0.9639999866485596, 1128.095703125, 1607.109375, 0.9639999866485596, 1119.595703125, 1612.5625, 3.9337189197540283, 1125.865234375, 1605.21875, 3.9337189197540283, 1128.095703125, 1607.109375, 3.9337189197540283, 1121.826171875, 1614.46875, 3.9337189197540283], "f": [0, 1, 2, 2, 1, 3, 4, 2, 5, 4, 0, 2, 5, 3, 6, 5, 2, 3, 1, 6, 3, 1, 7, 6, 0, 7, 1, 0, 4, 7, 7, 4, 5, 7, 5, 6]}, "centroids": [[1123.8447656257194, 1609.836874999106, 0.9639999866485596]]}, "mtl": {"idx": 0}, "lbl": "やきとり・とらまつ", "lh": 50.0}, {"geom": {"triangles": {"v": [-1508.154296875, -2248.40625, 1.7280000448226929, -1511.669921875, -2210.4375, 1.7280000448226929, -1505.607421875, -2248.171875, 1.7280000448226929, -1501.998046875, -2209.53125, 1.7280000448226929, -1498.490234375, -2247.515625, 1.7280000448226929, -1511.669921875, -2210.4375, 7.397000312805176, -1508.154296875, -2248.40625, 7.397000312805176, -1505.607421875, -2248.171875, 7.397000312805176, -1498.490234375, -2247.515625, 7.397000312805176, -1501.998046875, -2209.53125, 7.397000312805176], "f": [0, 1, 2, 2, 1, 3, 4, 2, 3, 5, 0, 6, 5, 1, 0, 6, 2, 7, 6, 0, 2, 7, 4, 8, 7, 2, 4, 3, 8, 4, 3, 9, 8, 1, 9, 3, 1, 5, 9, 5, 7, 9, 5, 6, 7, 9, 7, 8]}, "centroids": [[-1505.0782750358485, -2228.969663835567, 1.7280000448226929]]}, "mtl": {"idx": 0}, "lbl": "サンセリテ川多津", "lh": 50.0}], "featureCount": 6, "startIndex": 0}