{"type": "block", "layer": 4, "block": 0, "features": [{"geom": {"triangles": {"v": [732.0698677986002, -402.1552294488647, 1.659000039100647, 729.1909615486002, -401.8271044488647, 1.659000039100647, 732.1909615486002, -393.4677294488647, 1.659000039100647, 756.6597115486002, -401.0146044488647, 1.659000039100647, 735.5190865486002, -410.0614794488647, 1.659000039100647, 755.8823677986002, -407.9052294488647, 1.659000039100647, 734.5815865486002, -418.3739794488647, 1.659000039100647, 760.1909615486002, -421.2646044488647, 1.659000039100647, 761.6206490486002, -408.5614794488647, 1.659000039100647, 731.2300240486002, -409.5771044488647, 1.659000039100647, 757.4604927986002, -397.0927294488647, 1.659000039100647, 761.6909615486002, -401.5771044488647, 1.659000039100647, 762.1401802986002, -397.6239794488647, 1.659000039100647, 757.7495552986002, -394.4833544488647, 1.659000039100647, 732.4018990486002, -391.6083544488647, 1.659000039100647, 730.1597115486002, -393.2333544488647, 1.659000039100647, 732.4018990486002, -391.6083544488647, 8.290499687194824, 732.1909615486002, -393.4677294488647, 8.290499687194824, 730.1597115486002, -393.2333544488647, 8.290499687194824, 729.1909615486002, -401.8271044488647, 8.290499687194824, 732.0698677986002, -402.1552294488647, 8.290499687194824, 731.2300240486002, -409.5771044488647, 8.290499687194824, 735.5190865486002, -410.0614794488647, 8.290499687194824, 734.5815865486002, -418.3739794488647, 8.290499687194824, 760.1909615486002, -421.2646044488647, 8.290499687194824, 761.6206490486002, -408.5614794488647, 8.290499687194824, 755.8823677986002, -407.9052294488647, 8.290499687194824, 756.6597115486002, -401.0146044488647, 8.290499687194824, 761.6909615486002, -401.5771044488647, 8.290499687194824, 762.1401802986002, -397.6239794488647, 8.290499687194824, 757.4604927986002, -397.0927294488647, 8.290499687194824, 757.7495552986002, -394.4833544488647, 8.290499687194824], "f": [0, 1, 2, 0, 2, 3, 3, 4, 0, 3, 5, 4, 6, 4, 5, 7, 6, 5, 7, 5, 8, 4, 9, 0, 3, 2, 10, 3, 10, 11, 11, 10, 12, 10, 2, 13, 13, 2, 14, 1, 15, 2, 2, 16, 14, 2, 17, 16, 15, 17, 2, 15, 18, 17, 1, 18, 15, 1, 19, 18, 20, 19, 1, 20, 1, 0, 0, 9, 21, 0, 21, 20, 21, 4, 22, 21, 9, 4, 6, 22, 4, 6, 23, 22, 23, 7, 24, 23, 6, 7, 25, 24, 7, 25, 7, 8, 5, 25, 8, 5, 26, 25, 26, 3, 27, 26, 5, 3, 27, 11, 28, 27, 3, 11, 28, 12, 29, 28, 11, 12, 10, 29, 12, 10, 30, 29, 30, 13, 31, 30, 10, 13, 14, 31, 13, 14, 16, 31, 18, 19, 17, 19, 20, 17, 27, 17, 20, 17, 27, 30, 17, 30, 31, 16, 17, 31, 30, 27, 28, 30, 28, 29, 27, 20, 22, 22, 26, 27, 26, 22, 23, 24, 26, 23, 25, 26, 24, 20, 21, 22]}, "centroids": [[745.8207815182905, -406.10707295892644, 1.659000039100647]]}, "mtl": {"idx": 0}, "lbl": "長吉", "lh": 50.0}, {"geom": {"triangles": {"v": [1147.3706490486002, -577.9677294488647, 1.4859999418258667, 1148.3628365486002, -569.4052294488647, 1.4859999418258667, 1153.3589302986002, -578.6552294488647, 1.4859999418258667, 1154.3433052986002, -570.0927294488647, 1.4859999418258667, 1154.3433052986002, -570.0927294488647, 5.066499710083008, 1148.3628365486002, -569.4052294488647, 5.066499710083008, 1147.3706490486002, -577.9677294488647, 5.066499710083008, 1153.3589302986002, -578.6552294488647, 5.066499710083008], "f": [0, 1, 2, 2, 1, 3, 1, 4, 3, 1, 5, 4, 0, 5, 1, 0, 6, 5, 6, 2, 7, 6, 0, 2, 7, 3, 4, 7, 2, 3, 5, 6, 7, 4, 5, 7]}, "centroids": [[1150.8584707959599, -574.0257727727003, 1.4859999418258667]]}, "mtl": {"idx": 0}, "lbl": "どんぞこ", "lh": 50.0}, {"geom": {"triangles": {"v": [-1436.3090384513998, -2151.2646044488647, 2.2660000324249268, -1431.2074759513998, -2150.7489794488647, 2.2660000324249268, -1429.5395072013998, -2206.8427294488647, 2.2660000324249268, -1424.4496634513998, -2206.3271044488647, 2.2660000324249268, -1436.3090384513998, -2151.2646044488647, 7.111499786376953, -1429.5395072013998, -2206.8427294488647, 7.111499786376953, -1424.4496634513998, -2206.3271044488647, 7.111499786376953, -1431.2074759513998, -2150.7489794488647, 7.111499786376953], "f": [0, 1, 2, 2, 1, 3, 4, 2, 5, 4, 0, 2, 5, 3, 6, 5, 2, 3, 1, 6, 3, 1, 7, 6, 0, 7, 1, 0, 4, 7, 7, 4, 5, 7, 5, 6]}, "centroids": [[-1430.377241103779, -2178.789130025776, 2.2660000324249268]]}, "mtl": {"idx": 0}, "lbl": "川多津", "lh": 50.0}, {"geom": {"triangles": {"v": [-1854.1918509513998, -2420.4052294488647, 2.8480000495910645, -1861.4613822013998, -2418.2958544488647, 2.8480000495910645, -1852.5590384513998, -2414.7646044488647, 2.8480000495910645, -1859.8402884513998, -2412.6708544488647, 2.8480000495910645, -1859.8402884513998, -2412.6708544488647, 5.8480000495910645, -1861.4613822013998, -2418.2958544488647, 5.8480000495910645, -1854.1918509513998, -2420.4052294488647, 5.8480000495910645, -1852.5590384513998, -2414.7646044488647, 5.8480000495910645], "f": [0, 1, 2, 1, 3, 2, 1, 4, 3, 1, 5, 4, 5, 0, 6, 5, 1, 0, 6, 2, 7, 6, 0, 2, 3, 7, 2, 3, 4, 7, 7, 4, 5, 7, 5, 6]}, "centroids": [[-1857.012355946521, -2416.532307357469, 2.8480000495910645]]}, "mtl": {"idx": 0}, "lbl": "kenken餃子", "lh": 50.0}], "featureCount": 4, "startIndex": 0}