{"type": "block", "layer": 4, "block": 0, "features": [{"geom": {"triangles": {"v": [407.1996469205624, -398.3774870475754, 1.659000039100647, 404.3207406705624, -398.0493620475754, 1.659000039100647, 407.3207406705624, -389.6899870475754, 1.659000039100647, 431.7894906705624, -397.2368620475754, 1.659000039100647, 410.6488656705624, -406.2837370475754, 1.659000039100647, 431.0121469205624, -404.1274870475754, 1.659000039100647, 409.7113656705624, -414.5962370475754, 1.659000039100647, 435.3207406705624, -417.4868620475754, 1.659000039100647, 436.7504281705624, -404.7837370475754, 1.659000039100647, 406.3598031705624, -405.7993620475754, 1.659000039100647, 432.5902719205624, -393.3149870475754, 1.659000039100647, 436.8207406705624, -397.7993620475754, 1.659000039100647, 437.2699594205624, -393.8462370475754, 1.659000039100647, 432.8793344205624, -390.7056120475754, 1.659000039100647, 407.5316781705624, -387.8306120475754, 1.659000039100647, 405.2894906705624, -389.4556120475754, 1.659000039100647, 407.5316781705624, -387.8306120475754, 8.290499687194824, 407.3207406705624, -389.6899870475754, 8.290499687194824, 405.2894906705624, -389.4556120475754, 8.290499687194824, 404.3207406705624, -398.0493620475754, 8.290499687194824, 407.1996469205624, -398.3774870475754, 8.290499687194824, 406.3598031705624, -405.7993620475754, 8.290499687194824, 410.6488656705624, -406.2837370475754, 8.290499687194824, 409.7113656705624, -414.5962370475754, 8.290499687194824, 435.3207406705624, -417.4868620475754, 8.290499687194824, 436.7504281705624, -404.7837370475754, 8.290499687194824, 431.0121469205624, -404.1274870475754, 8.290499687194824, 431.7894906705624, -397.2368620475754, 8.290499687194824, 436.8207406705624, -397.7993620475754, 8.290499687194824, 437.2699594205624, -393.8462370475754, 8.290499687194824, 432.5902719205624, -393.3149870475754, 8.290499687194824, 432.8793344205624, -390.7056120475754, 8.290499687194824], "f": [0, 1, 2, 0, 2, 3, 3, 4, 0, 3, 5, 4, 6, 4, 5, 7, 6, 5, 7, 5, 8, 4, 9, 0, 3, 2, 10, 3, 10, 11, 11, 10, 12, 10, 2, 13, 13, 2, 14, 1, 15, 2, 2, 16, 14, 2, 17, 16, 15, 17, 2, 15, 18, 17, 1, 18, 15, 1, 19, 18, 20, 19, 1, 20, 1, 0, 0, 9, 21, 0, 21, 20, 21, 4, 22, 21, 9, 4, 6, 22, 4, 6, 23, 22, 23, 7, 24, 23, 6, 7, 25, 24, 7, 25, 7, 8, 5, 25, 8, 5, 26, 25, 26, 3, 27, 26, 5, 3, 27, 11, 28, 27, 3, 11, 28, 12, 29, 28, 11, 12, 10, 29, 12, 10, 30, 29, 30, 13, 31, 30, 10, 13, 14, 31, 13, 14, 16, 31, 18, 19, 17, 19, 20, 17, 27, 17, 20, 17, 27, 30, 17, 30, 31, 16, 17, 31, 30, 27, 28, 30, 28, 29, 27, 20, 22, 22, 26, 27, 26, 22, 23, 24, 26, 23, 25, 26, 24, 20, 21, 22]}, "centroids": [[420.95056064025266, -402.32933055763715, 1.659000039100647]]}, "mtl": {"idx": 0}, "lbl": "長吉", "lh": 300.0}, {"geom": {"triangles": {"v": [822.5004281705624, -574.1899870475754, 1.4859999418258667, 823.4926156705624, -565.6274870475754, 1.4859999418258667, 828.4887094205624, -574.8774870475754, 1.4859999418258667, 829.4730844205624, -566.3149870475754, 1.4859999418258667, 829.4730844205624, -566.3149870475754, 5.066499710083008, 823.4926156705624, -565.6274870475754, 5.066499710083008, 822.5004281705624, -574.1899870475754, 5.066499710083008, 828.4887094205624, -574.8774870475754, 5.066499710083008], "f": [0, 1, 2, 2, 1, 3, 1, 4, 3, 1, 5, 4, 0, 5, 1, 0, 6, 5, 6, 2, 7, 6, 0, 2, 7, 3, 4, 7, 2, 3, 5, 6, 7, 4, 5, 7]}, "centroids": [[825.9882499179221, -570.248030371411, 1.4859999418258667]]}, "mtl": {"idx": 0}, "lbl": "どんぞこ", "lh": 300.0}, {"geom": {"triangles": {"v": [-1761.1792593294376, -2147.4868620475754, 2.2660000324249268, -1756.0776968294376, -2146.9712370475754, 2.2660000324249268, -1754.4097280794376, -2203.0649870475754, 2.2660000324249268, -1749.3198843294376, -2202.5493620475754, 2.2660000324249268, -1761.1792593294376, -2147.4868620475754, 7.111499786376953, -1754.4097280794376, -2203.0649870475754, 7.111499786376953, -1749.3198843294376, -2202.5493620475754, 7.111499786376953, -1756.0776968294376, -2146.9712370475754, 7.111499786376953], "f": [0, 1, 2, 2, 1, 3, 4, 2, 5, 4, 0, 2, 5, 3, 6, 5, 2, 3, 1, 6, 3, 1, 7, 6, 0, 7, 1, 0, 4, 7, 7, 4, 5, 7, 5, 6]}, "centroids": [[-1755.2474619818167, -2175.011387624487, 2.2660000324249268]]}, "mtl": {"idx": 0}, "lbl": "川多津", "lh": 300.0}, {"geom": {"triangles": {"v": [-2179.0620718294376, -2416.6274870475754, 2.8480000495910645, -2186.3316030794376, -2414.5181120475754, 2.8480000495910645, -2177.4292593294376, -2410.9868620475754, 2.8480000495910645, -2184.7105093294376, -2408.8931120475754, 2.8480000495910645, -2184.7105093294376, -2408.8931120475754, 5.8480000495910645, -2186.3316030794376, -2414.5181120475754, 5.8480000495910645, -2179.0620718294376, -2416.6274870475754, 5.8480000495910645, -2177.4292593294376, -2410.9868620475754, 5.8480000495910645], "f": [0, 1, 2, 1, 3, 2, 1, 4, 3, 1, 5, 4, 5, 0, 6, 5, 1, 0, 6, 2, 7, 6, 0, 2, 3, 7, 2, 3, 4, 7, 7, 4, 5, 7, 5, 6]}, "centroids": [[-2181.882576824559, -2412.75456495618, 2.8480000495910645]]}, "mtl": {"idx": 0}, "lbl": "kenken餃子", "lh": 300.0}], "featureCount": 4, "startIndex": 0}