{"type": "block", "layer": 4, "block": 0, "features": [{"geom": {"triangles": {"v": [930.8210710829153, -414.3192820448603, 1.659000039100647, 927.9421648329153, -413.9911570448603, 1.659000039100647, 930.9421648329153, -405.6317820448603, 1.659000039100647, 955.4109148329153, -413.1786570448603, 1.659000039100647, 934.2702898329153, -422.2255320448603, 1.659000039100647, 954.6335710829153, -420.0692820448603, 1.659000039100647, 933.3327898329153, -430.5380320448603, 1.659000039100647, 958.9421648329153, -433.4286570448603, 1.659000039100647, 960.3718523329153, -420.7255320448603, 1.659000039100647, 929.9812273329153, -421.7411570448603, 1.659000039100647, 956.2116960829153, -409.2567820448603, 1.659000039100647, 960.4421648329153, -413.7411570448603, 1.659000039100647, 960.8913835829153, -409.7880320448603, 1.659000039100647, 956.5007585829153, -406.6474070448603, 1.659000039100647, 931.1531023329153, -403.7724070448603, 1.659000039100647, 928.9109148329153, -405.3974070448603, 1.659000039100647, 931.1531023329153, -403.7724070448603, 8.290499687194824, 930.9421648329153, -405.6317820448603, 8.290499687194824, 928.9109148329153, -405.3974070448603, 8.290499687194824, 927.9421648329153, -413.9911570448603, 8.290499687194824, 930.8210710829153, -414.3192820448603, 8.290499687194824, 929.9812273329153, -421.7411570448603, 8.290499687194824, 934.2702898329153, -422.2255320448603, 8.290499687194824, 933.3327898329153, -430.5380320448603, 8.290499687194824, 958.9421648329153, -433.4286570448603, 8.290499687194824, 960.3718523329153, -420.7255320448603, 8.290499687194824, 954.6335710829153, -420.0692820448603, 8.290499687194824, 955.4109148329153, -413.1786570448603, 8.290499687194824, 960.4421648329153, -413.7411570448603, 8.290499687194824, 960.8913835829153, -409.7880320448603, 8.290499687194824, 956.2116960829153, -409.2567820448603, 8.290499687194824, 956.5007585829153, -406.6474070448603, 8.290499687194824], "f": [0, 1, 2, 0, 2, 3, 3, 4, 0, 3, 5, 4, 6, 4, 5, 7, 6, 5, 7, 5, 8, 4, 9, 0, 3, 2, 10, 3, 10, 11, 11, 10, 12, 10, 2, 13, 13, 2, 14, 1, 15, 2, 2, 16, 14, 2, 17, 16, 15, 17, 2, 15, 18, 17, 1, 18, 15, 1, 19, 18, 20, 19, 1, 20, 1, 0, 0, 9, 21, 0, 21, 20, 21, 4, 22, 21, 9, 4, 6, 22, 4, 6, 23, 22, 23, 7, 24, 23, 6, 7, 25, 24, 7, 25, 7, 8, 5, 25, 8, 5, 26, 25, 26, 3, 27, 26, 5, 3, 27, 11, 28, 27, 3, 11, 28, 12, 29, 28, 11, 12, 10, 29, 12, 10, 30, 29, 30, 13, 31, 30, 10, 13, 14, 31, 13, 14, 16, 31, 18, 19, 17, 19, 20, 17, 27, 17, 20, 17, 27, 30, 17, 30, 31, 16, 17, 31, 30, 27, 28, 30, 28, 29, 27, 20, 22, 22, 26, 27, 26, 22, 23, 24, 26, 23, 25, 26, 24, 20, 21, 22]}, "centroids": [[944.5719848026056, -418.27112555492204, 1.659000039100647]]}, "mtl": {"idx": 0}, "lbl": "長吉", "lh": 300.0}, {"geom": {"triangles": {"v": [1346.1218523329153, -590.1317820448603, 1.4859999418258667, 1347.1140398329153, -581.5692820448603, 1.4859999418258667, 1352.1101335829153, -590.8192820448603, 1.4859999418258667, 1353.0945085829153, -582.2567820448603, 1.4859999418258667, 1353.0945085829153, -582.2567820448603, 5.066499710083008, 1347.1140398329153, -581.5692820448603, 5.066499710083008, 1346.1218523329153, -590.1317820448603, 5.066499710083008, 1352.1101335829153, -590.8192820448603, 5.066499710083008], "f": [0, 1, 2, 2, 1, 3, 1, 4, 3, 1, 5, 4, 0, 5, 1, 0, 6, 5, 6, 2, 7, 6, 0, 2, 7, 3, 4, 7, 2, 3, 5, 6, 7, 4, 5, 7]}, "centroids": [[1349.609674080275, -586.1898253686959, 1.4859999418258667]]}, "mtl": {"idx": 0}, "lbl": "どんぞこ", "lh": 300.0}, {"geom": {"triangles": {"v": [-1237.5578351670847, -2163.4286570448603, 2.2660000324249268, -1232.4562726670847, -2162.9130320448603, 2.2660000324249268, -1230.7883039170847, -2219.0067820448603, 2.2660000324249268, -1225.6984601670847, -2218.4911570448603, 2.2660000324249268, -1237.5578351670847, -2163.4286570448603, 7.111499786376953, -1230.7883039170847, -2219.0067820448603, 7.111499786376953, -1225.6984601670847, -2218.4911570448603, 7.111499786376953, -1232.4562726670847, -2162.9130320448603, 7.111499786376953], "f": [0, 1, 2, 2, 1, 3, 4, 2, 5, 4, 0, 2, 5, 3, 6, 5, 2, 3, 1, 6, 3, 1, 7, 6, 0, 7, 1, 0, 4, 7, 7, 4, 5, 7, 5, 6]}, "centroids": [[-1231.6260378194638, -2190.9531826217717, 2.2660000324249268]]}, "mtl": {"idx": 0}, "lbl": "川多津", "lh": 300.0}, {"geom": {"triangles": {"v": [-1655.4406476670847, -2432.5692820448603, 2.8480000495910645, -1662.7101789170847, -2430.4599070448603, 2.8480000495910645, -1653.8078351670847, -2426.9286570448603, 2.8480000495910645, -1661.0890851670847, -2424.8349070448603, 2.8480000495910645, -1661.0890851670847, -2424.8349070448603, 5.8480000495910645, -1662.7101789170847, -2430.4599070448603, 5.8480000495910645, -1655.4406476670847, -2432.5692820448603, 5.8480000495910645, -1653.8078351670847, -2426.9286570448603, 5.8480000495910645], "f": [0, 1, 2, 1, 3, 2, 1, 4, 3, 1, 5, 4, 5, 0, 6, 5, 1, 0, 6, 2, 7, 6, 0, 2, 3, 7, 2, 3, 4, 7, 7, 4, 5, 7, 5, 6]}, "centroids": [[-1658.2611526622059, -2428.6963599534647, 2.8480000495910645]]}, "mtl": {"idx": 0}, "lbl": "kenken餃子", "lh": 300.0}], "featureCount": 4, "startIndex": 0}