{"type": "block", "layer": 4, "block": 0, "features": [{"geom": {"triangles": {"v": [805.8881688238471, -415.4466003974667, 1.659000039100647, 803.0092625738471, -415.1184753974667, 1.659000039100647, 806.0092625738471, -406.7591003974667, 1.659000039100647, 830.4780125738471, -414.3059753974667, 1.659000039100647, 809.3373875738471, -423.3528503974667, 1.659000039100647, 829.7006688238471, -421.1966003974667, 1.659000039100647, 808.3998875738471, -431.6653503974667, 1.659000039100647, 834.0092625738471, -434.5559753974667, 1.659000039100647, 835.4389500738471, -421.8528503974667, 1.659000039100647, 805.0483250738471, -422.8684753974667, 1.659000039100647, 831.2787938238471, -410.3841003974667, 1.659000039100647, 835.5092625738471, -414.8684753974667, 1.659000039100647, 835.9584813238471, -410.9153503974667, 1.659000039100647, 831.5678563238471, -407.7747253974667, 1.659000039100647, 806.2202000738471, -404.8997253974667, 1.659000039100647, 803.9780125738471, -406.5247253974667, 1.659000039100647, 806.2202000738471, -404.8997253974667, 8.290499687194824, 806.0092625738471, -406.7591003974667, 8.290499687194824, 803.9780125738471, -406.5247253974667, 8.290499687194824, 803.0092625738471, -415.1184753974667, 8.290499687194824, 805.8881688238471, -415.4466003974667, 8.290499687194824, 805.0483250738471, -422.8684753974667, 8.290499687194824, 809.3373875738471, -423.3528503974667, 8.290499687194824, 808.3998875738471, -431.6653503974667, 8.290499687194824, 834.0092625738471, -434.5559753974667, 8.290499687194824, 835.4389500738471, -421.8528503974667, 8.290499687194824, 829.7006688238471, -421.1966003974667, 8.290499687194824, 830.4780125738471, -414.3059753974667, 8.290499687194824, 835.5092625738471, -414.8684753974667, 8.290499687194824, 835.9584813238471, -410.9153503974667, 8.290499687194824, 831.2787938238471, -410.3841003974667, 8.290499687194824, 831.5678563238471, -407.7747253974667, 8.290499687194824], "f": [0, 1, 2, 0, 2, 3, 3, 4, 0, 3, 5, 4, 6, 4, 5, 7, 6, 5, 7, 5, 8, 4, 9, 0, 3, 2, 10, 3, 10, 11, 11, 10, 12, 10, 2, 13, 13, 2, 14, 1, 15, 2, 2, 16, 14, 2, 17, 16, 15, 17, 2, 15, 18, 17, 1, 18, 15, 1, 19, 18, 20, 19, 1, 20, 1, 0, 0, 9, 21, 0, 21, 20, 21, 4, 22, 21, 9, 4, 6, 22, 4, 6, 23, 22, 23, 7, 24, 23, 6, 7, 25, 24, 7, 25, 7, 8, 5, 25, 8, 5, 26, 25, 26, 3, 27, 26, 5, 3, 27, 11, 28, 27, 3, 11, 28, 12, 29, 28, 11, 12, 10, 29, 12, 10, 30, 29, 30, 13, 31, 30, 10, 13, 14, 31, 13, 14, 16, 31, 18, 19, 17, 19, 20, 17, 27, 17, 20, 17, 27, 30, 17, 30, 31, 16, 17, 31, 30, 27, 28, 30, 28, 29, 27, 20, 22, 22, 26, 27, 26, 22, 23, 24, 26, 23, 25, 26, 24, 20, 21, 22]}, "centroids": [[819.6390825435374, -419.3984439075284, 1.659000039100647]]}, "mtl": {"idx": 0}, "lbl": "長吉", "lh": 50.0}, {"geom": {"triangles": {"v": [1221.188950073847, -591.2591003974667, 1.4859999418258667, 1222.181137573847, -582.6966003974667, 1.4859999418258667, 1227.177231323847, -591.9466003974667, 1.4859999418258667, 1228.161606323847, -583.3841003974667, 1.4859999418258667, 1228.161606323847, -583.3841003974667, 5.066499710083008, 1222.181137573847, -582.6966003974667, 5.066499710083008, 1221.188950073847, -591.2591003974667, 5.066499710083008, 1227.177231323847, -591.9466003974667, 5.066499710083008], "f": [0, 1, 2, 2, 1, 3, 1, 4, 3, 1, 5, 4, 0, 5, 1, 0, 6, 5, 6, 2, 7, 6, 0, 2, 7, 3, 4, 7, 2, 3, 5, 6, 7, 4, 5, 7]}, "centroids": [[1224.6767718212068, -587.3171437213023, 1.4859999418258667]]}, "mtl": {"idx": 0}, "lbl": "どんぞこ", "lh": 50.0}, {"geom": {"triangles": {"v": [-1362.490737426153, -2164.5559753974667, 2.2660000324249268, -1357.389174926153, -2164.0403503974667, 2.2660000324249268, -1355.721206176153, -2220.1341003974667, 2.2660000324249268, -1350.631362426153, -2219.6184753974667, 2.2660000324249268, -1362.490737426153, -2164.5559753974667, 7.111499786376953, -1355.721206176153, -2220.1341003974667, 7.111499786376953, -1350.631362426153, -2219.6184753974667, 7.111499786376953, -1357.389174926153, -2164.0403503974667, 7.111499786376953], "f": [0, 1, 2, 2, 1, 3, 4, 2, 5, 4, 0, 2, 5, 3, 6, 5, 2, 3, 1, 6, 3, 1, 7, 6, 0, 7, 1, 0, 4, 7, 7, 4, 5, 7, 5, 6]}, "centroids": [[-1356.558940078532, -2192.080500974378, 2.2660000324249268]]}, "mtl": {"idx": 0}, "lbl": "川多津", "lh": 50.0}, {"geom": {"triangles": {"v": [-1780.373549926153, -2433.6966003974667, 2.8480000495910645, -1787.643081176153, -2431.5872253974667, 2.8480000495910645, -1778.740737426153, -2428.0559753974667, 2.8480000495910645, -1786.021987426153, -2425.9622253974667, 2.8480000495910645, -1786.021987426153, -2425.9622253974667, 5.8480000495910645, -1787.643081176153, -2431.5872253974667, 5.8480000495910645, -1780.373549926153, -2433.6966003974667, 5.8480000495910645, -1778.740737426153, -2428.0559753974667, 5.8480000495910645], "f": [0, 1, 2, 1, 3, 2, 1, 4, 3, 1, 5, 4, 5, 0, 6, 5, 1, 0, 6, 2, 7, 6, 0, 2, 3, 7, 2, 3, 4, 7, 7, 4, 5, 7, 5, 6]}, "centroids": [[-1783.194054921274, -2429.823678306071, 2.8480000495910645]]}, "mtl": {"idx": 0}, "lbl": "kenken餃子", "lh": 50.0}], "featureCount": 4, "startIndex": 0}