{"type": "block", "layer": 4, "block": 0, "features": [{"geom": {"triangles": {"v": [188.5243125592824, -363.25574022182263, 1.659000039100647, 185.6454063092824, -362.92761522182263, 1.659000039100647, 188.6454063092824, -354.56824022182263, 1.659000039100647, 213.1141563092824, -362.11511522182263, 1.659000039100647, 191.9735313092824, -371.16199022182263, 1.659000039100647, 212.3368125592824, -369.00574022182263, 1.659000039100647, 191.0360313092824, -379.47449022182263, 1.659000039100647, 216.6454063092824, -382.36511522182263, 1.659000039100647, 218.0750938092824, -369.66199022182263, 1.659000039100647, 187.6844688092824, -370.67761522182263, 1.659000039100647, 213.9149375592824, -358.19324022182263, 1.659000039100647, 218.1454063092824, -362.67761522182263, 1.659000039100647, 218.5946250592824, -358.72449022182263, 1.659000039100647, 214.2040000592824, -355.58386522182263, 1.659000039100647, 188.8563438092824, -352.70886522182263, 1.659000039100647, 186.6141563092824, -354.33386522182263, 1.659000039100647, 188.8563438092824, -352.70886522182263, 8.290499687194824, 188.6454063092824, -354.56824022182263, 8.290499687194824, 186.6141563092824, -354.33386522182263, 8.290499687194824, 185.6454063092824, -362.92761522182263, 8.290499687194824, 188.5243125592824, -363.25574022182263, 8.290499687194824, 187.6844688092824, -370.67761522182263, 8.290499687194824, 191.9735313092824, -371.16199022182263, 8.290499687194824, 191.0360313092824, -379.47449022182263, 8.290499687194824, 216.6454063092824, -382.36511522182263, 8.290499687194824, 218.0750938092824, -369.66199022182263, 8.290499687194824, 212.3368125592824, -369.00574022182263, 8.290499687194824, 213.1141563092824, -362.11511522182263, 8.290499687194824, 218.1454063092824, -362.67761522182263, 8.290499687194824, 218.5946250592824, -358.72449022182263, 8.290499687194824, 213.9149375592824, -358.19324022182263, 8.290499687194824, 214.2040000592824, -355.58386522182263, 8.290499687194824], "f": [0, 1, 2, 0, 2, 3, 3, 4, 0, 3, 5, 4, 6, 4, 5, 7, 6, 5, 7, 5, 8, 4, 9, 0, 3, 2, 10, 3, 10, 11, 11, 10, 12, 10, 2, 13, 13, 2, 14, 1, 15, 2, 2, 16, 14, 2, 17, 16, 15, 17, 2, 15, 18, 17, 1, 18, 15, 1, 19, 18, 20, 19, 1, 20, 1, 0, 0, 9, 21, 0, 21, 20, 21, 4, 22, 21, 9, 4, 6, 22, 4, 6, 23, 22, 23, 7, 24, 23, 6, 7, 25, 24, 7, 25, 7, 8, 5, 25, 8, 5, 26, 25, 26, 3, 27, 26, 5, 3, 27, 11, 28, 27, 3, 11, 28, 12, 29, 28, 11, 12, 10, 29, 12, 10, 30, 29, 30, 13, 31, 30, 10, 13, 14, 31, 13, 14, 16, 31, 18, 19, 17, 19, 20, 17, 27, 17, 20, 17, 27, 30, 17, 30, 31, 16, 17, 31, 30, 27, 28, 30, 28, 29, 27, 20, 22, 22, 26, 27, 26, 22, 23, 24, 26, 23, 25, 26, 24, 20, 21, 22]}, "centroids": [[202.2752262789727, -367.20758373188437, 1.659000039100647]]}, "mtl": {"idx": 0}, "lbl": "長吉", "lh": 50.0}, {"geom": {"triangles": {"v": [603.8250938092824, -539.0682402218226, 1.4859999418258667, 604.8172813092824, -530.5057402218226, 1.4859999418258667, 609.8133750592824, -539.7557402218226, 1.4859999418258667, 610.7977500592824, -531.1932402218226, 1.4859999418258667, 610.7977500592824, -531.1932402218226, 5.066499710083008, 604.8172813092824, -530.5057402218226, 5.066499710083008, 603.8250938092824, -539.0682402218226, 5.066499710083008, 609.8133750592824, -539.7557402218226, 5.066499710083008], "f": [0, 1, 2, 2, 1, 3, 1, 4, 3, 1, 5, 4, 0, 5, 1, 0, 6, 5, 6, 2, 7, 6, 0, 2, 7, 3, 4, 7, 2, 3, 5, 6, 7, 4, 5, 7]}, "centroids": [[607.3129155566421, -535.1262835456582, 1.4859999418258667]]}, "mtl": {"idx": 0}, "lbl": "どんぞこ", "lh": 50.0}, {"geom": {"triangles": {"v": [-1979.8545936907176, -2112.3651152218226, 2.2660000324249268, -1974.7530311907176, -2111.8494902218226, 2.2660000324249268, -1973.0850624407176, -2167.9432402218226, 2.2660000324249268, -1967.9952186907176, -2167.4276152218226, 2.2660000324249268, -1979.8545936907176, -2112.3651152218226, 7.111499786376953, -1973.0850624407176, -2167.9432402218226, 7.111499786376953, -1967.9952186907176, -2167.4276152218226, 7.111499786376953, -1974.7530311907176, -2111.8494902218226, 7.111499786376953], "f": [0, 1, 2, 2, 1, 3, 4, 2, 5, 4, 0, 2, 5, 3, 6, 5, 2, 3, 1, 6, 3, 1, 7, 6, 0, 7, 1, 0, 4, 7, 7, 4, 5, 7, 5, 6]}, "centroids": [[-1973.9227963430967, -2139.889640798734, 2.2660000324249268]]}, "mtl": {"idx": 0}, "lbl": "川多津", "lh": 50.0}, {"geom": {"triangles": {"v": [-2397.7374061907176, -2381.5057402218226, 2.8480000495910645, -2405.0069374407176, -2379.3963652218226, 2.8480000495910645, -2396.1045936907176, -2375.8651152218226, 2.8480000495910645, -2403.3858436907176, -2373.7713652218226, 2.8480000495910645, -2403.3858436907176, -2373.7713652218226, 5.8480000495910645, -2405.0069374407176, -2379.3963652218226, 5.8480000495910645, -2397.7374061907176, -2381.5057402218226, 5.8480000495910645, -2396.1045936907176, -2375.8651152218226, 5.8480000495910645], "f": [0, 1, 2, 1, 3, 2, 1, 4, 3, 1, 5, 4, 5, 0, 6, 5, 1, 0, 6, 2, 7, 6, 0, 2, 3, 7, 2, 3, 4, 7, 7, 4, 5, 7, 5, 6]}, "centroids": [[-2400.5579111858387, -2377.632818130427, 2.8480000495910645]]}, "mtl": {"idx": 0}, "lbl": "kenken餃子", "lh": 50.0}], "featureCount": 4, "startIndex": 0}