{"type": "block", "layer": 4, "block": 0, "features": [{"geom": {"triangles": {"v": [438.209006116791, -375.6830416553421, 1.659000039100647, 435.330099866791, -375.3549166553421, 1.659000039100647, 438.330099866791, -366.9955416553421, 1.659000039100647, 462.798849866791, -374.5424166553421, 1.659000039100647, 441.658224866791, -383.5892916553421, 1.659000039100647, 462.021506116791, -381.4330416553421, 1.659000039100647, 440.720724866791, -391.9017916553421, 1.659000039100647, 466.330099866791, -394.7924166553421, 1.659000039100647, 467.759787366791, -382.0892916553421, 1.659000039100647, 437.369162366791, -383.1049166553421, 1.659000039100647, 463.599631116791, -370.6205416553421, 1.659000039100647, 467.830099866791, -375.1049166553421, 1.659000039100647, 468.279318616791, -371.1517916553421, 1.659000039100647, 463.888693616791, -368.0111666553421, 1.659000039100647, 438.541037366791, -365.1361666553421, 1.659000039100647, 436.298849866791, -366.7611666553421, 1.659000039100647, 438.541037366791, -365.1361666553421, 8.290499687194824, 438.330099866791, -366.9955416553421, 8.290499687194824, 436.298849866791, -366.7611666553421, 8.290499687194824, 435.330099866791, -375.3549166553421, 8.290499687194824, 438.209006116791, -375.6830416553421, 8.290499687194824, 437.369162366791, -383.1049166553421, 8.290499687194824, 441.658224866791, -383.5892916553421, 8.290499687194824, 440.720724866791, -391.9017916553421, 8.290499687194824, 466.330099866791, -394.7924166553421, 8.290499687194824, 467.759787366791, -382.0892916553421, 8.290499687194824, 462.021506116791, -381.4330416553421, 8.290499687194824, 462.798849866791, -374.5424166553421, 8.290499687194824, 467.830099866791, -375.1049166553421, 8.290499687194824, 468.279318616791, -371.1517916553421, 8.290499687194824, 463.599631116791, -370.6205416553421, 8.290499687194824, 463.888693616791, -368.0111666553421, 8.290499687194824], "f": [0, 1, 2, 0, 2, 3, 3, 4, 0, 3, 5, 4, 6, 4, 5, 7, 6, 5, 7, 5, 8, 4, 9, 0, 3, 2, 10, 3, 10, 11, 11, 10, 12, 10, 2, 13, 13, 2, 14, 1, 15, 2, 2, 16, 14, 2, 17, 16, 15, 17, 2, 15, 18, 17, 1, 18, 15, 1, 19, 18, 20, 19, 1, 20, 1, 0, 0, 9, 21, 0, 21, 20, 21, 4, 22, 21, 9, 4, 6, 22, 4, 6, 23, 22, 23, 7, 24, 23, 6, 7, 25, 24, 7, 25, 7, 8, 5, 25, 8, 5, 26, 25, 26, 3, 27, 26, 5, 3, 27, 11, 28, 27, 3, 11, 28, 12, 29, 28, 11, 12, 10, 29, 12, 10, 30, 29, 30, 13, 31, 30, 10, 13, 14, 31, 13, 14, 16, 31, 18, 19, 17, 19, 20, 17, 27, 17, 20, 17, 27, 30, 17, 30, 31, 16, 17, 31, 30, 27, 28, 30, 28, 29, 27, 20, 22, 22, 26, 27, 26, 22, 23, 24, 26, 23, 25, 26, 24, 20, 21, 22]}, "centroids": [[451.9599198364813, -379.63488516540383, 1.659000039100647]]}, "mtl": {"idx": 0}, "lbl": "長吉", "lh": 300.0}, {"geom": {"triangles": {"v": [853.509787366791, -551.4955416553421, 1.4859999418258667, 854.501974866791, -542.9330416553421, 1.4859999418258667, 859.498068616791, -552.1830416553421, 1.4859999418258667, 860.482443616791, -543.6205416553421, 1.4859999418258667, 860.482443616791, -543.6205416553421, 5.066499710083008, 854.501974866791, -542.9330416553421, 5.066499710083008, 853.509787366791, -551.4955416553421, 5.066499710083008, 859.498068616791, -552.1830416553421, 5.066499710083008], "f": [0, 1, 2, 2, 1, 3, 1, 4, 3, 1, 5, 4, 0, 5, 1, 0, 6, 5, 6, 2, 7, 6, 0, 2, 7, 3, 4, 7, 2, 3, 5, 6, 7, 4, 5, 7]}, "centroids": [[856.9976091141507, -547.5535849791777, 1.4859999418258667]]}, "mtl": {"idx": 0}, "lbl": "どんぞこ", "lh": 300.0}, {"geom": {"triangles": {"v": [-1730.169900133209, -2124.792416655342, 2.2660000324249268, -1725.068337633209, -2124.276791655342, 2.2660000324249268, -1723.400368883209, -2180.370541655342, 2.2660000324249268, -1718.310525133209, -2179.854916655342, 2.2660000324249268, -1730.169900133209, -2124.792416655342, 7.111499786376953, -1723.400368883209, -2180.370541655342, 7.111499786376953, -1718.310525133209, -2179.854916655342, 7.111499786376953, -1725.068337633209, -2124.276791655342, 7.111499786376953], "f": [0, 1, 2, 2, 1, 3, 4, 2, 5, 4, 0, 2, 5, 3, 6, 5, 2, 3, 1, 6, 3, 1, 7, 6, 0, 7, 1, 0, 4, 7, 7, 4, 5, 7, 5, 6]}, "centroids": [[-1724.2381027855881, -2152.3169422322535, 2.2660000324249268]]}, "mtl": {"idx": 0}, "lbl": "川多津", "lh": 300.0}, {"geom": {"triangles": {"v": [-2148.052712633209, -2393.933041655342, 2.8480000495910645, -2155.322243883209, -2391.823666655342, 2.8480000495910645, -2146.419900133209, -2388.292416655342, 2.8480000495910645, -2153.701150133209, -2386.198666655342, 2.8480000495910645, -2153.701150133209, -2386.198666655342, 5.8480000495910645, -2155.322243883209, -2391.823666655342, 5.8480000495910645, -2148.052712633209, -2393.933041655342, 5.8480000495910645, -2146.419900133209, -2388.292416655342, 5.8480000495910645], "f": [0, 1, 2, 1, 3, 2, 1, 4, 3, 1, 5, 4, 5, 0, 6, 5, 1, 0, 6, 2, 7, 6, 0, 2, 3, 7, 2, 3, 4, 7, 7, 4, 5, 7, 5, 6]}, "centroids": [[-2150.87321762833, -2390.0601195639465, 2.8480000495910645]]}, "mtl": {"idx": 0}, "lbl": "kenken餃子", "lh": 300.0}], "featureCount": 4, "startIndex": 0}