{"type": "block", "layer": 5, "block": 0, "features": [{"geom": {"triangles": {"v": [-370.8823843294376, 31.372512952424586, 0.5460000038146973, -376.3316030794376, 33.997512952424586, 0.5460000038146973, -369.6441030794376, 33.935012952424586, 0.5460000038146973, -375.0933218294376, 36.575637952424586, 0.5460000038146973, -375.0933218294376, 36.575637952424586, 3.5460000038146973, -376.3316030794376, 33.997512952424586, 3.5460000038146973, -370.8823843294376, 31.372512952424586, 3.5460000038146973, -369.6441030794376, 33.935012952424586, 3.5460000038146973], "f": [0, 1, 2, 1, 3, 2, 1, 4, 3, 1, 5, 4, 5, 0, 6, 5, 1, 0, 6, 2, 7, 6, 0, 2, 3, 7, 2, 3, 4, 7, 7, 4, 5, 7, 5, 6]}, "centroids": [[-372.98830646723945, 33.969545984844444, 0.5460000038146973]]}, "mtl": {"idx": 0}}, {"geom": {"triangles": {"v": [-381.9644155794376, 207.7787629524246, 0.27900001406669617, -379.1011343294376, 216.1225129524246, 0.27900001406669617, -377.2105093294376, 206.1537629524246, 0.27900001406669617, -374.3589468294376, 214.5131379524246, 0.27900001406669617, -379.1011343294376, 216.1225129524246, 2.938732147216797, -381.9644155794376, 207.7787629524246, 2.938732147216797, -377.2105093294376, 206.1537629524246, 2.938732147216797, -374.3589468294376, 214.5131379524246, 2.938732147216797], "f": [0, 1, 2, 2, 1, 3, 0, 4, 1, 0, 5, 4, 5, 2, 6, 5, 0, 2, 6, 3, 7, 6, 2, 3, 1, 7, 3, 1, 4, 7, 4, 5, 6, 4, 6, 7]}, "centroids": [[-378.1599196462048, 211.13915581742185, 0.27900001406669617]]}, "mtl": {"idx": 0}}, {"geom": {"triangles": {"v": [-392.5933218294376, 166.3725129524246, 0.3190000057220459, -400.3433218294376, 168.2787629524246, 0.3190000057220459, -389.7925405794376, 177.7475129524246, 0.3190000057220459, -397.5425405794376, 179.6693879524246, 0.3190000057220459, -397.5425405794376, 179.6693879524246, 4.755999565124512, -400.3433218294376, 168.2787629524246, 4.755999565124512, -392.5933218294376, 166.3725129524246, 4.755999565124512, -389.7925405794376, 177.7475129524246, 4.755999565124512], "f": [0, 1, 2, 1, 3, 2, 1, 4, 3, 1, 5, 4, 5, 0, 6, 5, 1, 0, 7, 6, 0, 7, 0, 2, 3, 7, 2, 3, 4, 7, 4, 5, 7, 5, 6, 7]}, "centroids": [[-395.06725506216026, 173.01809021586087, 0.3190000057220459]]}, "mtl": {"idx": 0}}, {"geom": {"triangles": {"v": [-415.4331655794376, 115.59126295242459, 0.3149999976158142, -409.3941030794376, 138.3412629524246, 0.3149999976158142, -395.6519155794376, 110.34126295242459, 0.3149999976158142, -376.6831655794376, 129.6693879524246, 0.3149999976158142, -386.2495718294376, 107.76313795242459, 0.3149999976158142, -397.1519155794376, 104.66938795242459, 0.3149999976158142, -387.7417593294376, 102.16938795242459, 0.3149999976158142, -375.1831655794376, 104.82563795242459, 0.3149999976158142, -367.4097280794376, 134.1225129524246, 0.3149999976158142, -374.9722280794376, 136.1225129524246, 0.3149999976158142, -409.3941030794376, 138.3412629524246, 12.070999145507812, -415.4331655794376, 115.59126295242459, 12.070999145507812, -395.6519155794376, 110.34126295242459, 12.070999145507812, -397.1519155794376, 104.66938795242459, 12.070999145507812, -387.7417593294376, 102.16938795242459, 12.070999145507812, -386.2495718294376, 107.76313795242459, 12.070999145507812, -375.1831655794376, 104.82563795242459, 12.070999145507812, -367.4097280794376, 134.1225129524246, 12.070999145507812, -374.9722280794376, 136.1225129524246, 12.070999145507812, -376.6831655794376, 129.6693879524246, 12.070999145507812], "f": [0, 1, 2, 2, 1, 3, 4, 2, 3, 5, 2, 4, 6, 5, 4, 4, 3, 7, 8, 7, 3, 8, 3, 9, 0, 10, 1, 0, 11, 10, 12, 11, 0, 12, 0, 2, 2, 5, 13, 2, 13, 12, 14, 13, 5, 14, 5, 6, 15, 14, 6, 15, 6, 4, 15, 7, 16, 15, 4, 7, 16, 8, 17, 16, 7, 8, 9, 17, 8, 9, 18, 17, 9, 3, 19, 9, 19, 18, 1, 19, 3, 1, 10, 19, 10, 11, 12, 19, 10, 12, 19, 12, 15, 19, 15, 16, 19, 16, 17, 18, 19, 17, 15, 12, 13, 15, 13, 14]}, "centroids": [[-391.2688935607439, 121.30074697663076, 0.3149999976158142]]}, "mtl": {"idx": 0}}, {"geom": {"triangles": {"v": [-368.6401968294376, 36.356887952424586, 0.46000000834465027, -373.8589468294376, 38.778762952424586, 0.46000000834465027, -367.1792593294376, 39.513137952424586, 0.46000000834465027, -372.4019155794376, 41.935012952424586, 0.46000000834465027, -373.8589468294376, 38.778762952424586, 3.4600000381469727, -372.4019155794376, 41.935012952424586, 3.4600000381469727, -368.6401968294376, 36.356887952424586, 3.4600000381469727, -367.1792593294376, 39.513137952424586, 3.4600000381469727], "f": [0, 1, 2, 1, 3, 2, 3, 1, 4, 3, 4, 5, 4, 0, 6, 4, 1, 0, 6, 2, 7, 6, 0, 2, 3, 7, 2, 3, 5, 7, 5, 4, 7, 4, 6, 7]}, "centroids": [[-370.5212504035735, 39.14657187319244, 0.46000000834465027]]}, "mtl": {"idx": 0}}, {"geom": {"triangles": {"v": [-342.8628530794376, 127.51313795242459, 0.36399999260902405, -339.3901968294376, 140.5912629524246, 0.36399999260902405, -333.3316030794376, 124.99751295242459, 0.36399999260902405, -304.2495718294376, 131.2943879524246, 0.36399999260902405, -311.5816030794376, 103.63813795242459, 0.36399999260902405, -337.1909780794376, 110.41938795242459, 0.36399999260902405, -304.2495718294376, 131.2943879524246, 6.736999988555908, -339.3901968294376, 140.5912629524246, 6.736999988555908, -342.8628530794376, 127.51313795242459, 6.736999988555908, -333.3316030794376, 124.99751295242459, 6.736999988555908, -337.1909780794376, 110.41938795242459, 6.736999988555908, -311.5816030794376, 103.63813795242459, 6.736999988555908], "f": [0, 1, 2, 2, 1, 3, 4, 2, 3, 5, 2, 4, 1, 6, 3, 1, 7, 6, 1, 0, 8, 1, 8, 7, 9, 8, 0, 9, 0, 2, 5, 9, 2, 5, 10, 9, 10, 4, 11, 10, 5, 4, 11, 3, 6, 11, 4, 3, 7, 8, 9, 7, 9, 6, 9, 11, 6, 9, 10, 11]}, "centroids": [[-323.062431077371, 122.641992723773, 0.36399999260902405]]},