{"type": "block", "layer": 5, "block": 0, "features": [{"geom": {"triangles": {"v": [27.80613757384708, 14.303399602533318, 0.5460000038146973, 22.35691882384708, 16.928399602533318, 0.5460000038146973, 29.04441882384708, 16.865899602533318, 0.5460000038146973, 23.59520007384708, 19.506524602533318, 0.5460000038146973, 23.59520007384708, 19.506524602533318, 3.5460000038146973, 22.35691882384708, 16.928399602533318, 3.5460000038146973, 27.80613757384708, 14.303399602533318, 3.5460000038146973, 29.04441882384708, 16.865899602533318, 3.5460000038146973], "f": [0, 1, 2, 1, 3, 2, 1, 4, 3, 1, 5, 4, 5, 0, 6, 5, 1, 0, 6, 2, 7, 6, 0, 2, 3, 7, 2, 3, 4, 7, 7, 4, 5, 7, 5, 6]}, "centroids": [[25.700215436045255, 16.900432634953177, 0.5460000038146973]]}, "mtl": {"idx": 0}}, {"geom": {"triangles": {"v": [16.72410632384708, 190.70964960253332, 0.27900001406669617, 19.58738757384708, 199.05339960253332, 0.27900001406669617, 21.47801257384708, 189.08464960253332, 0.27900001406669617, 24.32957507384708, 197.44402460253332, 0.27900001406669617, 19.58738757384708, 199.05339960253332, 2.938732147216797, 16.72410632384708, 190.70964960253332, 2.938732147216797, 21.47801257384708, 189.08464960253332, 2.938732147216797, 24.32957507384708, 197.44402460253332, 2.938732147216797], "f": [0, 1, 2, 2, 1, 3, 0, 4, 1, 0, 5, 4, 5, 2, 6, 5, 0, 2, 6, 3, 7, 6, 2, 3, 1, 7, 3, 1, 4, 7, 4, 5, 6, 4, 6, 7]}, "centroids": [[20.52860225707991, 194.07004246753058, 0.27900001406669617]]}, "mtl": {"idx": 0}}, {"geom": {"triangles": {"v": [6.0952000738470815, 149.30339960253332, 0.3190000057220459, -1.6547999261529185, 151.20964960253332, 0.3190000057220459, 8.895981323847082, 160.67839960253332, 0.3190000057220459, 1.1459813238470815, 162.60027460253332, 0.3190000057220459, 1.1459813238470815, 162.60027460253332, 4.755999565124512, -1.6547999261529185, 151.20964960253332, 4.755999565124512, 6.0952000738470815, 149.30339960253332, 4.755999565124512, 8.895981323847082, 160.67839960253332, 4.755999565124512], "f": [0, 1, 2, 1, 3, 2, 1, 4, 3, 1, 5, 4, 5, 0, 6, 5, 1, 0, 7, 6, 0, 7, 0, 2, 3, 7, 2, 3, 4, 7, 4, 5, 7, 5, 6, 7]}, "centroids": [[3.621266841124452, 155.9489768659696, 0.3190000057220459]]}, "mtl": {"idx": 0}}, {"geom": {"triangles": {"v": [-16.74464367615292, 98.52214960253332, 0.3149999976158142, -10.705581176152918, 121.27214960253332, 0.3149999976158142, 3.0366063238470815, 93.27214960253332, 0.3149999976158142, 22.00535632384708, 112.60027460253332, 0.3149999976158142, 12.438950073847082, 90.69402460253332, 0.3149999976158142, 1.5366063238470815, 87.60027460253332, 0.3149999976158142, 10.946762573847082, 85.10027460253332, 0.3149999976158142, 23.50535632384708, 87.75652460253332, 0.3149999976158142, 31.27879382384708, 117.05339960253332, 0.3149999976158142, 23.71629382384708, 119.05339960253332, 0.3149999976158142, -10.705581176152918, 121.27214960253332, 12.070999145507812, -16.74464367615292, 98.52214960253332, 12.070999145507812, 3.0366063238470815, 93.27214960253332, 12.070999145507812, 1.5366063238470815, 87.60027460253332, 12.070999145507812, 10.946762573847082, 85.10027460253332, 12.070999145507812, 12.438950073847082, 90.69402460253332, 12.070999145507812, 23.50535632384708, 87.75652460253332, 12.070999145507812, 31.27879382384708, 117.05339960253332, 12.070999145507812, 23.71629382384708, 119.05339960253332, 12.070999145507812, 22.00535632384708, 112.60027460253332, 12.070999145507812], "f": [0, 1, 2, 2, 1, 3, 4, 2, 3, 5, 2, 4, 6, 5, 4, 4, 3, 7, 8, 7, 3, 8, 3, 9, 0, 10, 1, 0, 11, 10, 12, 11, 0, 12, 0, 2, 2, 5, 13, 2, 13, 12, 14, 13, 5, 14, 5, 6, 15, 14, 6, 15, 6, 4, 15, 7, 16, 15, 4, 7, 16, 8, 17, 16, 7, 8, 9, 17, 8, 9, 18, 17, 9, 3, 19, 9, 19, 18, 1, 19, 3, 1, 10, 19, 10, 11, 12, 19, 10, 12, 19, 12, 15, 19, 15, 16, 19, 16, 17, 18, 19, 17, 15, 12, 13, 15, 13, 14]}, "centroids": [[7.419628342540818, 104.2316336267395, 0.3149999976158142]]}, "mtl": {"idx": 0}}, {"geom": {"triangles": {"v": [30.04832507384708, 19.287774602533318, 0.46000000834465027, 24.82957507384708, 21.709649602533318, 0.46000000834465027, 31.50926257384708, 22.444024602533318, 0.46000000834465027, 26.28660632384708, 24.865899602533318, 0.46000000834465027, 24.82957507384708, 21.709649602533318, 3.4600000381469727, 26.28660632384708, 24.865899602533318, 3.4600000381469727, 30.04832507384708, 19.287774602533318, 3.4600000381469727, 31.50926257384708, 22.444024602533318, 3.4600000381469727], "f": [0, 1, 2, 1, 3, 2, 3, 1, 4, 3, 4, 5, 4, 0, 6, 4, 1, 0, 6, 2, 7, 6, 0, 2, 3, 7, 2, 3, 5, 7, 5, 4, 7, 4, 6, 7]}, "centroids": [[28.167271499711205, 22.077458523301175, 0.46000000834465027]]}, "mtl": {"idx": 0}}, {"geom": {"triangles": {"v": [55.82566882384708, 110.44402460253332, 0.36399999260902405, 59.29832507384708, 123.52214960253332, 0.36399999260902405, 65.35691882384708, 107.92839960253332, 0.36399999260902405, 94.43895007384708, 114.22527460253332, 0.36399999260902405, 87.10691882384708, 86.56902460253332, 0.36399999260902405, 61.49754382384708, 93.35027460253332, 0.36399999260902405, 94.43895007384708, 114.22527460253332, 6.736999988555908, 59.29832507384708, 123.52214960253332, 6.736999988555908, 55.82566882384708, 110.44402460253332, 6.736999988555908, 65.35691882384708, 107.92839960253332, 6.736999988555908, 61.49754382384708, 93.35027460253332, 6.736999988555908, 87.10691882384708, 86.56902460253332, 6.736999988555908], "f": [0, 1, 2, 2, 1, 3, 4, 2, 3, 5, 2, 4, 1, 6, 3, 1, 7, 6, 1, 0, 8, 1, 8, 7, 9, 8, 0, 9, 0, 2, 5, 9, 2, 5, 10, 9, 10, 4, 11, 10, 5, 4, 11, 3, 6, 11, 4, 3, 7, 8, 9, 7, 9, 6, 9, 11, 6, 9, 10, 11]}, "centroids": [[75.6260908259137, 105.57287937388173, 0.36399999260902405]]},