{"type": "block", "layer": 5, "block": 0, "features": [{"geom": {"triangles": {"v": [-339.873025133209, 54.066958344657905, 0.5460000038146973, -345.322243883209, 56.691958344657905, 0.5460000038146973, -338.634743883209, 56.629458344657905, 0.5460000038146973, -344.083962633209, 59.270083344657905, 0.5460000038146973, -344.083962633209, 59.270083344657905, 3.5460000038146973, -345.322243883209, 56.691958344657905, 3.5460000038146973, -339.873025133209, 54.066958344657905, 3.5460000038146973, -338.634743883209, 56.629458344657905, 3.5460000038146973], "f": [0, 1, 2, 1, 3, 2, 1, 4, 3, 1, 5, 4, 5, 0, 6, 5, 1, 0, 6, 2, 7, 6, 0, 2, 3, 7, 2, 3, 4, 7, 7, 4, 5, 7, 5, 6]}, "centroids": [[-341.97894727101084, 56.663991377077764, 0.5460000038146973]]}, "mtl": {"idx": 0}}, {"geom": {"triangles": {"v": [-350.955056383209, 230.4732083446579, 0.27900001406669617, -348.091775133209, 238.8169583446579, 0.27900001406669617, -346.201150133209, 228.8482083446579, 0.27900001406669617, -343.349587633209, 237.2075833446579, 0.27900001406669617, -348.091775133209, 238.8169583446579, 2.938732147216797, -350.955056383209, 230.4732083446579, 2.938732147216797, -346.201150133209, 228.8482083446579, 2.938732147216797, -343.349587633209, 237.2075833446579, 2.938732147216797], "f": [0, 1, 2, 2, 1, 3, 0, 4, 1, 0, 5, 4, 5, 2, 6, 5, 0, 2, 6, 3, 7, 6, 2, 3, 1, 7, 3, 1, 4, 7, 4, 5, 6, 4, 6, 7]}, "centroids": [[-347.1505604499762, 233.83360120965517, 0.27900001406669617]]}, "mtl": {"idx": 0}}, {"geom": {"triangles": {"v": [-361.583962633209, 189.0669583446579, 0.3190000057220459, -369.333962633209, 190.9732083446579, 0.3190000057220459, -358.783181383209, 200.4419583446579, 0.3190000057220459, -366.533181383209, 202.3638333446579, 0.3190000057220459, -366.533181383209, 202.3638333446579, 4.755999565124512, -369.333962633209, 190.9732083446579, 4.755999565124512, -361.583962633209, 189.0669583446579, 4.755999565124512, -358.783181383209, 200.4419583446579, 4.755999565124512], "f": [0, 1, 2, 1, 3, 2, 1, 4, 3, 1, 5, 4, 5, 0, 6, 5, 1, 0, 7, 6, 0, 7, 0, 2, 3, 7, 2, 3, 4, 7, 4, 5, 7, 5, 6, 7]}, "centroids": [[-364.05789586593164, 195.71253560809419, 0.3190000057220459]]}, "mtl": {"idx": 0}}, {"geom": {"triangles": {"v": [-384.423806383209, 138.2857083446579, 0.3149999976158142, -378.384743883209, 161.0357083446579, 0.3149999976158142, -364.642556383209, 133.0357083446579, 0.3149999976158142, -345.673806383209, 152.3638333446579, 0.3149999976158142, -355.240212633209, 130.4575833446579, 0.3149999976158142, -366.142556383209, 127.3638333446579, 0.3149999976158142, -356.732400133209, 124.8638333446579, 0.3149999976158142, -344.173806383209, 127.5200833446579, 0.3149999976158142, -336.400368883209, 156.8169583446579, 0.3149999976158142, -343.962868883209, 158.8169583446579, 0.3149999976158142, -378.384743883209, 161.0357083446579, 12.070999145507812, -384.423806383209, 138.2857083446579, 12.070999145507812, -364.642556383209, 133.0357083446579, 12.070999145507812, -366.142556383209, 127.3638333446579, 12.070999145507812, -356.732400133209, 124.8638333446579, 12.070999145507812, -355.240212633209, 130.4575833446579, 12.070999145507812, -344.173806383209, 127.5200833446579, 12.070999145507812, -336.400368883209, 156.8169583446579, 12.070999145507812, -343.962868883209, 158.8169583446579, 12.070999145507812, -345.673806383209, 152.3638333446579, 12.070999145507812], "f": [0, 1, 2, 2, 1, 3, 4, 2, 3, 5, 2, 4, 6, 5, 4, 4, 3, 7, 8, 7, 3, 8, 3, 9, 0, 10, 1, 0, 11, 10, 12, 11, 0, 12, 0, 2, 2, 5, 13, 2, 13, 12, 14, 13, 5, 14, 5, 6, 15, 14, 6, 15, 6, 4, 15, 7, 16, 15, 4, 7, 16, 8, 17, 16, 7, 8, 9, 17, 8, 9, 18, 17, 9, 3, 19, 9, 19, 18, 1, 19, 3, 1, 10, 19, 10, 11, 12, 19, 10, 12, 19, 12, 15, 19, 15, 16, 19, 16, 17, 18, 19, 17, 15, 12, 13, 15, 13, 14]}, "centroids": [[-360.2595343645153, 143.99519236886408, 0.3149999976158142]]}, "mtl": {"idx": 0}}, {"geom": {"triangles": {"v": [-337.630837633209, 59.051333344657905, 0.46000000834465027, -342.849587633209, 61.473208344657905, 0.46000000834465027, -336.169900133209, 62.207583344657905, 0.46000000834465027, -341.392556383209, 64.6294583446579, 0.46000000834465027, -342.849587633209, 61.473208344657905, 3.4600000381469727, -341.392556383209, 64.6294583446579, 3.4600000381469727, -337.630837633209, 59.051333344657905, 3.4600000381469727, -336.169900133209, 62.207583344657905, 3.4600000381469727], "f": [0, 1, 2, 1, 3, 2, 3, 1, 4, 3, 4, 5, 4, 0, 6, 4, 1, 0, 6, 2, 7, 6, 0, 2, 3, 7, 2, 3, 5, 7, 5, 4, 7, 4, 6, 7]}, "centroids": [[-339.5118912073449, 61.84101726542576, 0.46000000834465027]]}, "mtl": {"idx": 0}}, {"geom": {"triangles": {"v": [-311.853493883209, 150.2075833446579, 0.36399999260902405, -308.380837633209, 163.2857083446579, 0.36399999260902405, -302.322243883209, 147.6919583446579, 0.36399999260902405, -273.240212633209, 153.9888333446579, 0.36399999260902405, -280.572243883209, 126.3325833446579, 0.36399999260902405, -306.181618883209, 133.1138333446579, 0.36399999260902405, -273.240212633209, 153.9888333446579, 6.736999988555908, -308.380837633209, 163.2857083446579, 6.736999988555908, -311.853493883209, 150.2075833446579, 6.736999988555908, -302.322243883209, 147.6919583446579, 6.736999988555908, -306.181618883209, 133.1138333446579, 6.736999988555908, -280.572243883209, 126.3325833446579, 6.736999988555908], "f": [0, 1, 2, 2, 1, 3, 4, 2, 3, 5, 2, 4, 1, 6, 3, 1, 7, 6, 1, 0, 8, 1, 8, 7, 9, 8, 0, 9, 0, 2, 5, 9, 2, 5, 10, 9, 10, 4, 11, 10, 5, 4, 11, 3, 6, 11, 4, 3, 7, 8, 9, 7, 9, 6, 9, 11, 6, 9, 10, 11]}, "centroids": [[-292.0530718811424, 145.33643811600632, 0.36399999260902405]]}, "mtl": {"idx": 0}}, {"geom": {"triangles": {"v": [-337.392556383209, 98.9575833446579, 0.49000000953674316, -386.994118883209, 112.1138333446579, 0.49000000953674316, -357.294900133209, 116.2857083446579, 0.49000000953674316, -347.841775133209, 114.2388333446579, 0.49000000953674316, -356.064431383209, 120.9107083446579, 0.49000000953674316, -346.732400133209, 118.4263333446579, 0.49000000953674316, -343.380837633209, 113.0513333446579, 0.49000000953674316, -339.091775133209, 111.1294583446579, 0.49000000953674316, -335.373025133209, 125.1138333446579, 0.49000000953674316, -334.880837633209, 145.0982083446579, 0.49000000953674316, -327.873025133209, 135.2388333446579, 0.49000000953674316, -286.693337633209, 112.2075833446579, 0.49000000953674316, -283.701150133209, 123.5044583446579, 0.49000000953674316, -325.880837633209, 142.7232083446579, 0.49000000953674316, -329.861306383209, 108.6763333446579, 0.49000000953674316, -332.673806383209, 98.0825833446579, 0.49000000953674316, -341.533181383209, 83.3638333446579, 0.49000000953674316, -330.173806383209, 80.3482083446579, 0.49000000953674316, -325.943337633209, 96.3013333446579, 0.49000000953674316, -384.001931383209, 123.3638333446579, 0.49000000953674316, -337.392556383209, 98.9575833446579, 15.791999816894531, -341.533181383209, 83.3638333446579, 15.791999816894531, -330.173806383209, 80.3482083446579, 15.791999816894531, -325.943337633209, 96.3013333446579, 15.791999816894531, -332.673806383209, 98.0825833446579, 15.791999816894531, -329.861306383209, 108.6763333446579, 15.791999816894531, -339.091775133209, 111.1294583446579, 15.791999816894531, -335.373025133209, 125.1138333446579, 15.791999816894531, -286.693337633209, 112.2075833446579, 15.791999816894531, -283.701150133209, 123.5044583446579, 15.791999816894531, -327.873025133209, 135.2388333446579, 15.791999816894531, -325.880837633209, 142.7232083446579, 15.791999816894531, -334.880837633209, 145.0982083446579, 15.791999816894531, -343.380837633209, 113.0513333446579, 15.791999816894531, -347.841775133209, 114.2388333446579, 15.791999816894531, -346.732400133209, 118.4263333446579, 15.791999816894531, -356.064431383209, 120.9107083446579, 15.791999816894531, -357.294900133209, 116.2857083446579, 15.791999816894531, -384.001931383209, 123.3638333446579, 15.791999816894531, -386.994118883209, 112.1138333446579, 15.791999816894531],