{"type": "block", "layer": 5, "block": 0, "features": [{"geom": {"triangles": {"v": [-98.95719144556642, 21.07026296306867, 0.5460000038146973, -104.40641019556642, 23.69526296306867, 0.5460000038146973, -97.71891019556642, 23.63276296306867, 0.5460000038146973, -103.16812894556642, 26.27338796306867, 0.5460000038146973, -103.16812894556642, 26.27338796306867, 3.5460000038146973, -104.40641019556642, 23.69526296306867, 3.5460000038146973, -98.95719144556642, 21.07026296306867, 3.5460000038146973, -97.71891019556642, 23.63276296306867, 3.5460000038146973], "f": [0, 1, 2, 1, 3, 2, 1, 4, 3, 1, 5, 4, 5, 0, 6, 5, 1, 0, 6, 2, 7, 6, 0, 2, 3, 7, 2, 3, 4, 7, 7, 4, 5, 7, 5, 6]}, "centroids": [[-101.06311358336825, 23.66729599548853, 0.5460000038146973]]}, "mtl": {"idx": 0}}, {"geom": {"triangles": {"v": [-110.03922269556642, 197.47651296306867, 0.27900001406669617, -107.17594144556642, 205.82026296306867, 0.27900001406669617, -105.28531644556642, 195.85151296306867, 0.27900001406669617, -102.43375394556642, 204.21088796306867, 0.27900001406669617, -107.17594144556642, 205.82026296306867, 2.938732147216797, -110.03922269556642, 197.47651296306867, 2.938732147216797, -105.28531644556642, 195.85151296306867, 2.938732147216797, -102.43375394556642, 204.21088796306867, 2.938732147216797], "f": [0, 1, 2, 2, 1, 3, 0, 4, 1, 0, 5, 4, 5, 2, 6, 5, 0, 2, 6, 3, 7, 6, 2, 3, 1, 7, 3, 1, 4, 7, 4, 5, 6, 4, 6, 7]}, "centroids": [[-106.2347267623336, 200.83690582806594, 0.27900001406669617]]}, "mtl": {"idx": 0}}, {"geom": {"triangles": {"v": [-120.66812894556642, 156.07026296306867, 0.3190000057220459, -128.41812894556642, 157.97651296306867, 0.3190000057220459, -117.86734769556642, 167.44526296306867, 0.3190000057220459, -125.61734769556642, 169.36713796306867, 0.3190000057220459, -125.61734769556642, 169.36713796306867, 4.755999565124512, -128.41812894556642, 157.97651296306867, 4.755999565124512, -120.66812894556642, 156.07026296306867, 4.755999565124512, -117.86734769556642, 167.44526296306867, 4.755999565124512], "f": [0, 1, 2, 1, 3, 2, 1, 4, 3, 1, 5, 4, 5, 0, 6, 5, 1, 0, 7, 6, 0, 7, 0, 2, 3, 7, 2, 3, 4, 7, 4, 5, 7, 5, 6, 7]}, "centroids": [[-123.14206217828905, 162.71584022650495, 0.3190000057220459]]}, "mtl": {"idx": 0}}, {"geom": {"triangles": {"v": [-143.50797269556642, 105.28901296306867, 0.3149999976158142, -137.46891019556642, 128.03901296306867, 0.3149999976158142, -123.72672269556642, 100.03901296306867, 0.3149999976158142, -104.75797269556642, 119.36713796306867, 0.3149999976158142, -114.32437894556642, 97.46088796306867, 0.3149999976158142, -125.22672269556642, 94.36713796306867, 0.3149999976158142, -115.81656644556642, 91.86713796306867, 0.3149999976158142, -103.25797269556642, 94.52338796306867, 0.3149999976158142, -95.48453519556642, 123.82026296306867, 0.3149999976158142, -103.04703519556642, 125.82026296306867, 0.3149999976158142, -137.46891019556642, 128.03901296306867, 12.070999145507812, -143.50797269556642, 105.28901296306867, 12.070999145507812, -123.72672269556642, 100.03901296306867, 12.070999145507812, -125.22672269556642, 94.36713796306867, 12.070999145507812, -115.81656644556642, 91.86713796306867, 12.070999145507812, -114.32437894556642, 97.46088796306867, 12.070999145507812, -103.25797269556642, 94.52338796306867, 12.070999145507812, -95.48453519556642, 123.82026296306867, 12.070999145507812, -103.04703519556642, 125.82026296306867, 12.070999145507812, -104.75797269556642, 119.36713796306867, 12.070999145507812], "f": [0, 1, 2, 2, 1, 3, 4, 2, 3, 5, 2, 4, 6, 5, 4, 4, 3, 7, 8, 7, 3, 8, 3, 9, 0, 10, 1, 0, 11, 10, 12, 11, 0, 12, 0, 2, 2, 5, 13, 2, 13, 12, 14, 13, 5, 14, 5, 6, 15, 14, 6, 15, 6, 4, 15, 7, 16, 15, 4, 7, 16, 8, 17, 16, 7, 8, 9, 17, 8, 9, 18, 17, 9, 3, 19, 9, 19, 18, 1, 19, 3, 1, 10, 19, 10, 11, 12, 19, 10, 12, 19, 12, 15, 19, 15, 16, 19, 16, 17, 18, 19, 17, 15, 12, 13, 15, 13, 14]}, "centroids": [[-119.34370067687269, 110.99849698727485, 0.3149999976158142]]}, "mtl": {"idx": 0}}, {"geom": {"triangles": {"v": [-96.71500394556642, 26.05463796306867, 0.46000000834465027, -101.93375394556642, 28.47651296306867, 0.46000000834465027, -95.25406644556642, 29.21088796306867, 0.46000000834465027, -100.47672269556642, 31.63276296306867, 0.46000000834465027, -101.93375394556642, 28.47651296306867, 3.4600000381469727, -100.47672269556642, 31.63276296306867, 3.4600000381469727, -96.71500394556642, 26.05463796306867, 3.4600000381469727, -95.25406644556642, 29.21088796306867, 3.4600000381469727], "f": [0, 1, 2, 1, 3, 2, 3, 1, 4, 3, 4, 5, 4, 0, 6, 4, 1, 0, 6, 2, 7, 6, 0, 2, 3, 7, 2, 3, 5, 7, 5, 4, 7, 4, 6, 7]}, "centroids": [[-98.5960575197023, 28.84432188383653, 0.46000000834465027]]}, "mtl": {"idx": 0}}, {"geom": {"triangles": {"v": [-70.93766019556642, 117.21088796306867, 0.36399999260902405, -67.46500394556642, 130.28901296306867, 0.36399999260902405, -61.40641019556642, 114.69526296306867, 0.36399999260902405, -32.32437894556642, 120.99213796306867, 0.36399999260902405, -39.65641019556642, 93.33588796306867, 0.36399999260902405, -65.26578519556642, 100.11713796306867, 0.36399999260902405, -32.32437894556642, 120.99213796306867, 6.736999988555908, -67.46500394556642, 130.28901296306867, 6.736999988555908, -70.93766019556642, 117.21088796306867, 6.736999988555908, -61.40641019556642, 114.69526296306867, 6.736999988555908, -65.26578519556642, 100.11713796306867, 6.736999988555908, -39.65641019556642, 93.33588796306867, 6.736999988555908], "f": [0, 1, 2, 2, 1, 3, 4, 2, 3, 5, 2, 4, 1, 6, 3, 1, 7, 6, 1, 0, 8, 1, 8, 7, 9, 8, 0, 9, 0, 2, 5, 9, 2, 5, 10, 9, 10, 4, 11, 10, 5, 4, 11, 3, 6, 11, 4, 3, 7, 8, 9, 7, 9, 6, 9, 11, 6, 9, 10, 11]}, "centroids": [[-51.1372381934998, 112.33974273441709, 0.36399999260902405]]},