{"type": "block", "layer": 5, "block": 0, "features": [{"geom": {"triangles": {"v": [152.7390398329153, 15.430717955139698, 0.5460000038146973, 147.2898210829153, 18.0557179551397, 0.5460000038146973, 153.9773210829153, 17.9932179551397, 0.5460000038146973, 148.5281023329153, 20.6338429551397, 0.5460000038146973, 148.5281023329153, 20.6338429551397, 3.5460000038146973, 147.2898210829153, 18.0557179551397, 3.5460000038146973, 152.7390398329153, 15.430717955139698, 3.5460000038146973, 153.9773210829153, 17.9932179551397, 3.5460000038146973], "f": [0, 1, 2, 1, 3, 2, 1, 4, 3, 1, 5, 4, 5, 0, 6, 5, 1, 0, 6, 2, 7, 6, 0, 2, 3, 7, 2, 3, 4, 7, 7, 4, 5, 7, 5, 6]}, "centroids": [[150.63311769511347, 18.027750987559557, 0.5460000038146973]]}, "mtl": {"idx": 0}}, {"geom": {"triangles": {"v": [141.6570085829153, 191.8369679551397, 0.27900001406669617, 144.5202898329153, 200.1807179551397, 0.27900001406669617, 146.4109148329153, 190.2119679551397, 0.27900001406669617, 149.2624773329153, 198.5713429551397, 0.27900001406669617, 144.5202898329153, 200.1807179551397, 2.938732147216797, 141.6570085829153, 191.8369679551397, 2.938732147216797, 146.4109148329153, 190.2119679551397, 2.938732147216797, 149.2624773329153, 198.5713429551397, 2.938732147216797], "f": [0, 1, 2, 2, 1, 3, 0, 4, 1, 0, 5, 4, 5, 2, 6, 5, 0, 2, 6, 3, 7, 6, 2, 3, 1, 7, 3, 1, 4, 7, 4, 5, 6, 4, 6, 7]}, "centroids": [[145.46150451614812, 195.19736082013696, 0.27900001406669617]]}, "mtl": {"idx": 0}}, {"geom": {"triangles": {"v": [131.0281023329153, 150.4307179551397, 0.3190000057220459, 123.2781023329153, 152.3369679551397, 0.3190000057220459, 133.8288835829153, 161.8057179551397, 0.3190000057220459, 126.0788835829153, 163.7275929551397, 0.3190000057220459, 126.0788835829153, 163.7275929551397, 4.755999565124512, 123.2781023329153, 152.3369679551397, 4.755999565124512, 131.0281023329153, 150.4307179551397, 4.755999565124512, 133.8288835829153, 161.8057179551397, 4.755999565124512], "f": [0, 1, 2, 1, 3, 2, 1, 4, 3, 1, 5, 4, 5, 0, 6, 5, 1, 0, 7, 6, 0, 7, 0, 2, 3, 7, 2, 3, 4, 7, 4, 5, 7, 5, 6, 7]}, "centroids": [[128.55416910019267, 157.07629521857598, 0.3190000057220459]]}, "mtl": {"idx": 0}}, {"geom": {"triangles": {"v": [108.1882585829153, 99.6494679551397, 0.3149999976158142, 114.2273210829153, 122.3994679551397, 0.3149999976158142, 127.9695085829153, 94.3994679551397, 0.3149999976158142, 146.9382585829153, 113.7275929551397, 0.3149999976158142, 137.3718523329153, 91.8213429551397, 0.3149999976158142, 126.4695085829153, 88.7275929551397, 0.3149999976158142, 135.8796648329153, 86.2275929551397, 0.3149999976158142, 148.4382585829153, 88.8838429551397, 0.3149999976158142, 156.2116960829153, 118.1807179551397, 0.3149999976158142, 148.6491960829153, 120.1807179551397, 0.3149999976158142, 114.2273210829153, 122.3994679551397, 12.070999145507812, 108.1882585829153, 99.6494679551397, 12.070999145507812, 127.9695085829153, 94.3994679551397, 12.070999145507812, 126.4695085829153, 88.7275929551397, 12.070999145507812, 135.8796648329153, 86.2275929551397, 12.070999145507812, 137.3718523329153, 91.8213429551397, 12.070999145507812, 148.4382585829153, 88.8838429551397, 12.070999145507812, 156.2116960829153, 118.1807179551397, 12.070999145507812, 148.6491960829153, 120.1807179551397, 12.070999145507812, 146.9382585829153, 113.7275929551397, 12.070999145507812], "f": [0, 1, 2, 2, 1, 3, 4, 2, 3, 5, 2, 4, 6, 5, 4, 4, 3, 7, 8, 7, 3, 8, 3, 9, 0, 10, 1, 0, 11, 10, 12, 11, 0, 12, 0, 2, 2, 5, 13, 2, 13, 12, 14, 13, 5, 14, 5, 6, 15, 14, 6, 15, 6, 4, 15, 7, 16, 15, 4, 7, 16, 8, 17, 16, 7, 8, 9, 17, 8, 9, 18, 17, 9, 3, 19, 9, 19, 18, 1, 19, 3, 1, 10, 19, 10, 11, 12, 19, 10, 12, 19, 12, 15, 19, 15, 16, 19, 16, 17, 18, 19, 17, 15, 12, 13, 15, 13, 14]}, "centroids": [[132.35253060160903, 105.35895197934587, 0.3149999976158142]]}, "mtl": {"idx": 0}}, {"geom": {"triangles": {"v": [154.9812273329153, 20.4150929551397, 0.46000000834465027, 149.7624773329153, 22.8369679551397, 0.46000000834465027, 156.4421648329153, 23.5713429551397, 0.46000000834465027, 151.2195085829153, 25.9932179551397, 0.46000000834465027, 149.7624773329153, 22.8369679551397, 3.4600000381469727, 151.2195085829153, 25.9932179551397, 3.4600000381469727, 154.9812273329153, 20.4150929551397, 3.4600000381469727, 156.4421648329153, 23.5713429551397, 3.4600000381469727], "f": [0, 1, 2, 1, 3, 2, 3, 1, 4, 3, 4, 5, 4, 0, 6, 4, 1, 0, 6, 2, 7, 6, 0, 2, 3, 7, 2, 3, 5, 7, 5, 4, 7, 4, 6, 7]}, "centroids": [[153.10017375877942, 23.204776875907555, 0.46000000834465027]]}, "mtl": {"idx": 0}}, {"geom": {"triangles": {"v": [180.7585710829153, 111.5713429551397, 0.36399999260902405, 184.2312273329153, 124.6494679551397, 0.36399999260902405, 190.2898210829153, 109.0557179551397, 0.36399999260902405, 219.3718523329153, 115.3525929551397, 0.36399999260902405, 212.0398210829153, 87.6963429551397, 0.36399999260902405, 186.4304460829153, 94.4775929551397, 0.36399999260902405, 219.3718523329153, 115.3525929551397, 6.736999988555908, 184.2312273329153, 124.6494679551397, 6.736999988555908, 180.7585710829153, 111.5713429551397, 6.736999988555908, 190.2898210829153, 109.0557179551397, 6.736999988555908, 186.4304460829153, 94.4775929551397, 6.736999988555908, 212.0398210829153, 87.6963429551397, 6.736999988555908], "f": [0, 1, 2, 2, 1, 3, 4, 2, 3, 5, 2, 4, 1, 6, 3, 1, 7, 6, 1, 0, 8, 1, 8, 7, 9, 8, 0, 9, 0, 2, 5, 9, 2, 5, 10, 9, 10, 4, 11, 10, 5, 4, 11, 3, 6, 11, 4, 3, 7, 8, 9, 7, 9, 6, 9, 11, 6, 9, 10, 11]}, "centroids": [[200.55899308498192, 106.70019772648811, 0.36399999260902405]]}, "mtl": {"idx": 0}}, {"geom": {"triangles": {"v": [155.2195085829153, 60.3213429551397, 0.49000000953674316, 105.6179460829153, 73.4775929551397, 0.49000000953674316, 135.3171648329153, 77.6494679551397, 0.49000000953674316, 144.7702898329153, 75.6025929551397, 0.49000000953674316, 136.5476335829153, 82.2744679551397, 0.49000000953674316, 145.8796648329153, 79.7900929551397, 0.49000000953674316, 149.2312273329153, 74.4150929551397, 0.49000000953674316, 153.5202898329153, 72.4932179551397, 0.49000000953674316, 157.2390398329153, 86.4775929551397, 0.49000000953674316, 157.7312273329153, 106.4619679551397, 0.49000000953674316, 164.7390398329153, 96.6025929551397, 0.49000000953674316, 205.9187273329153, 73.5713429551397, 0.49000000953674316, 208.9109148329153, 84.8682179551397, 0.49000000953674316, 166.7312273329153, 104.0869679551397, 0.49000000953674316, 162.7507585829153, 70.0400929551397, 0.49000000953674316, 159.9382585829153, 59.4463429551397, 0.49000000953674316, 151.0788835829153, 44.7275929551397, 0.49000000953674316, 162.4382585829153, 41.7119679551397, 0.49000000953674316, 166.6687273329153, 57.6650929551397, 0.49000000953674316, 108.6101335829153, 84.7275929551397, 0.49000000953674316, 155.2195085829153, 60.3213429551397, 15.791999816894531, 151.0788835829153, 44.7275929551397, 15.791999816894531, 162.4382585829153, 41.7119679551397, 15.791999816894531, 166.6687273329153, 57.6650929551397, 15.791999816894531, 159.9382585829153, 59.4463429551397, 15.791999816894531, 162.7507585829153, 70.0400929551397, 15.791999816894531, 153.5202898329153, 72.4932179551397, 15.791999816894531, 157.2390398329153, 86.4775929551397, 15.791999816894531, 205.9187273329153, 73.5713429551397, 15.791999816894531, 208.9109148329153, 84.8682179551397, 15.791999816894531, 164.7390398329153, 96.6025929551397, 15.791999816894531, 166.7312273329153, 104.0869679551397, 15.791999816894531, 157.7312273329153, 106.4619679551397, 15.791999816894531, 149.2312273329153, 74.4150929551397, 15.791999816894531, 144.7702898329153, 75.6025929551397, 15.791999816894531, 145.8796648329153, 79.7900929551397, 15.791999816894531, 136.5476335829153, 82.2744679551397, 15.791999816894531, 135.3171648329153, 77.6494679551397, 15.791999816894531, 108.6101335829153, 84.7275929551397, 15.791999816894531, 105.6179460829153, 73.4775929551397, 15.791999816894531],