{"type": "block", "layer": 6, "block": 3, "features": [{"geom": {"triangles": {"v": [-1399.6553749407176, 2542.9317597781774, 0.6119999885559082, -1406.0655311907176, 2545.0723847781774, 0.6119999885559082, -1399.4834999407176, 2543.4473847781774, 0.6119999885559082, -1403.5030311907176, 2552.7755097781774, 0.6119999885559082, -1397.2256874407176, 2550.6817597781774, 0.6119999885559082, -1390.3858436907176, 2540.4161347781774, 0.6119999885559082, -1387.1827186907176, 2550.0411347781774, 0.6119999885559082, -1392.9952186907176, 2563.4161347781774, 0.6119999885559082, -1384.0928749407176, 2559.4630097781774, 0.6119999885559082, -1385.3038124407176, 2549.4317597781774, 0.6119999885559082, -1382.1749061907176, 2558.8223847781774, 0.6119999885559082, -1383.7959999407176, 2560.3536347781774, 0.6119999885559082, -1392.9952186907176, 2563.4161347781774, 3.611999988555908, -1397.2256874407176, 2550.6817597781774, 3.611999988555908, -1403.5030311907176, 2552.7755097781774, 3.611999988555908, -1406.0655311907176, 2545.0723847781774, 3.611999988555908, -1399.6553749407176, 2542.9317597781774, 3.611999988555908, -1399.4834999407176, 2543.4473847781774, 3.611999988555908, -1390.3858436907176, 2540.4161347781774, 3.611999988555908, -1387.1827186907176, 2550.0411347781774, 3.611999988555908, -1385.3038124407176, 2549.4317597781774, 3.611999988555908, -1382.1749061907176, 2558.8223847781774, 3.611999988555908, -1384.0928749407176, 2559.4630097781774, 3.611999988555908, -1383.7959999407176, 2560.3536347781774, 3.611999988555908], "f": [0, 1, 2, 2, 1, 3, 4, 2, 3, 2, 4, 5, 5, 4, 6, 6, 4, 7, 8, 6, 7, 9, 6, 8, 9, 8, 10, 8, 7, 11, 4, 12, 7, 4, 13, 12, 3, 13, 4, 3, 14, 13, 1, 14, 3, 1, 15, 14, 15, 0, 16, 15, 1, 0, 16, 2, 17, 16, 0, 2, 17, 5, 18, 17, 2, 5, 18, 6, 19, 18, 5, 6, 20, 19, 6, 20, 6, 9, 20, 10, 21, 20, 9, 10, 8, 21, 10, 8, 22, 21, 23, 22, 8, 23, 8, 11, 7, 23, 11, 7, 12, 23, 17, 14, 15, 14, 17, 13, 13, 17, 18, 19, 13, 18, 12, 13, 19, 12, 19, 22, 12, 22, 23, 19, 20, 22, 22, 20, 21, 17, 15, 16]}, "centroids": [[-1393.1244614969764, 2551.3085492009413, 0.6119999885559082]]}, "mtl": {"idx": 0}}, {"geom": {"triangles": {"v": [-1208.9639686907176, 2568.9630097781774, 0.8550000190734863, -1218.1241249407176, 2572.1192597781774, 0.8550000190734863, -1204.7530311907176, 2581.2130097781774, 0.8550000190734863, -1213.9249061907176, 2584.3692597781774, 0.8550000190734863, -1218.1241249407176, 2572.1192597781774, 4.925000190734863, -1213.9249061907176, 2584.3692597781774, 4.925000190734863, -1208.9639686907176, 2568.9630097781774, 4.925000190734863, -1204.7530311907176, 2581.2130097781774, 4.925000190734863], "f": [0, 1, 2, 1, 3, 2, 3, 1, 4, 3, 4, 5, 4, 0, 6, 4, 1, 0, 7, 6, 0, 7, 0, 2, 3, 7, 2, 3, 5, 7, 5, 4, 7, 4, 6, 7]}, "centroids": [[-1211.441251929129, 2576.6695955324394, 0.8550000190734863]]}, "mtl": {"idx": 0}}, {"geom": {"triangles": {"v": [-1376.8936561907176, 2040.6661347781774, 1.246999979019165, -1376.4756874407176, 2042.3536347781774, 1.246999979019165, -1376.2139686907176, 2040.4942597781774, 1.246999979019165, -1374.8350624407176, 2040.0567597781774, 1.246999979019165, -1376.3741249407176, 2039.8692597781774, 1.246999979019165, -1374.9756874407176, 2039.5255097781774, 1.246999979019165, -1367.3350624407176, 2040.0255097781774, 1.246999979019165, -1367.5459999407176, 2039.1973847781774, 1.246999979019165, -1364.6631874407176, 2037.4630097781774, 1.246999979019165, -1364.1436561907176, 2038.3380097781774, 1.246999979019165, -1362.0459999407176, 2036.7442597781774, 1.246999979019165, -1365.2959999407176, 2035.0098847781774, 1.246999979019165, -1362.6553749407176, 2034.3380097781774, 1.246999979019165, -1359.7256874407176, 2042.4473847781774, 1.246999979019165, -1361.2334999407176, 2036.5255097781774, 1.246999979019165, -1362.8858436907176, 2043.2598847781774, 1.246999979019165, -1376.4756874407176, 2042.3536347781774, 5.521010398864746, -1376.8936561907176, 2040.6661347781774, 5.521010398864746, -1376.2139686907176, 2040.4942597781774, 5.521010398864746, -1376.3741249407176, 2039.8692597781774, 5.521010398864746, -1374.9756874407176, 2039.5255097781774, 5.521010398864746, -1374.8350624407176, 2040.0567597781774, 5.521010398864746, -1364.6631874407176, 2037.4630097781774, 5.521010398864746, -1365.2959999407176, 2035.0098847781774, 5.521010398864746, -1362.6553749407176, 2034.3380097781774, 5.521010398864746, -1362.0459999407176, 2036.7442597781774, 5.521010398864746, -1361.2334999407176, 2036.5255097781774, 5.521010398864746, -1359.7256874407176, 2042.4473847781774, 5.521010398864746, -1362.8858436907176, 2043.2598847781774, 5.521010398864746, -1364.1436561907176, 2038.3380097781774, 5.521010398864746, -1367.5459999407176, 2039.1973847781774, 5.521010398864746, -1367.3350624407176, 2040.0255097781774, 5.521010398864746, -1364.1436561907176, 2038.3380097781774, 5.521009922027588, -1362.0459999407176, 2036.7442597781774, 5.521009922027588, -1359.7256874407176, 2042.4473847781774, 5.521009922027588, -1362.8858436907176, 2043.2598847781774, 5.521009922027588, -1361.2334999407176, 2036.5255097781774, 5.521009922027588, -1362.6553749407176, 2034.3380097781774, 5.521009922027588], "f": [0, 1, 2, 3, 2, 1, 4, 2, 3, 5, 4, 3, 1, 6, 3, 7, 3, 6, 3, 7, 8, 8, 7, 9, 8, 9, 10, 11, 8, 10, 12, 11, 10, 10, 9, 13, 14, 10, 13, 9, 15, 13, 0, 16, 1, 0, 17, 16, 17, 2, 18, 17, 0, 2, 4, 18, 2, 4, 19, 18, 20, 19, 4, 20, 4, 5, 20, 3, 21, 20, 5, 3, 21, 8, 22, 21, 3, 8, 11, 22, 8, 11, 23, 22, 24, 23, 11, 24, 11, 12, 25, 24, 12, 25, 12, 10, 25, 14, 26, 25, 10, 14, 27, 26, 14, 27, 14, 13, 15, 27, 13, 15, 28, 27, 9, 28, 15, 9, 29, 28, 7, 29, 9, 7, 30, 29, 31, 30, 7, 31, 7, 6, 1, 31, 6, 1, 16, 31, 16, 17, 18, 16, 18, 21, 31, 16, 21, 31, 21, 30, 22, 30, 21, 30, 22, 32, 32, 22, 33, 32, 33, 34, 35, 32, 34, 33, 36, 34, 33, 22, 23, 33, 23, 37, 21, 18, 19, 21, 19, 20]}, "centroids": [[-1366.3665816866778, 2039.3628384172334, 1.246999979019165]]}, "mtl": {"idx": 0}}, {"geom": {"triangles": {"v": [-1374.6944374407176, 2137.3848847781774, 1.3919999599456787, -1375.0928749407176, 2144.0255097781774, 1.3919999599456787, -1373.4834999407176, 2144.1348847781774, 1.3919999599456787, -1366.4834999407176, 2139.5411347781774, 1.3919999599456787, -1366.3858436907176, 2137.8692597781774, 1.3919999599456787, -1364.8936561907176, 2149.7911347781774, 1.3919999599456787, -1362.7061561907176, 2139.7598847781774, 1.3919999599456787, -1363.3155311907176, 2149.8848847781774, 1.3919999599456787, -1365.7139686907176, 2150.9161347781774, 1.3919999599456787, -1364.9639686907176, 2150.9630097781774, 1.3919999599456787, -1373.9327186907176, 2151.5255097781774, 1.3919999599456787, -1365.7725624407176, 2152.0098847781774, 1.3919999599456787, -1364.8936561907176, 2149.7911347781774, 6.712499618530273, -1363.3155311907176, 2149.8848847781774, 6.712499618530273, -1364.9639686907176, 2150.9630097781774, 6.712499618530273, -1365.7139686907176, 2150.9161347781774, 6.712499618530273, -1365.7725624407176, 2152.0098847781774, 6.712499618530273, -1373.9327186907176, 2151.5255097781774, 6.712499618530273, -1373.4834999407176, 2144.1348847781774, 6.712499618530273, -1375.0928749407176, 2144.0255097781774, 6.712499618530273, -1374.6944374407176, 2137.3848847781774, 6.712499618530273, -1366.3858436907176, 2137.8692597781774, 6.712499618530273, -1366.4834999407176, 2139.5411347781774, 6.712499618530273, -1362.7061561907176, 2139.7598847781774, 6.712499618530273], "f": [0, 1, 2, 0, 2, 3, 0, 3, 4, 3, 2, 5, 6, 3, 5, 5, 7, 6, 5, 2, 8, 5, 8, 9, 2, 10, 8, 10, 11, 8, 7, 5, 12, 7, 12, 13, 5, 9, 14, 5, 14, 12, 8, 14, 9, 8, 15, 14, 11, 15, 8, 11, 16, 15, 10, 16, 11, 10, 17, 16, 18, 17, 10, 18, 10, 2, 2, 1, 19, 2, 19, 18, 19, 0, 20, 19, 1, 0, 21, 20, 0, 21, 0, 4, 4, 3, 22, 4, 22, 21, 22, 6, 23, 22, 3, 6, 7, 23, 6, 7, 13, 23, 18, 19, 20, 22, 18, 20, 18, 22, 12, 15, 18, 12, 17, 18, 15, 16, 17, 15, 14, 15, 12, 12, 22, 23, 13, 12, 23, 22, 20, 21]}, "centroids": [[-1368.9648291515696, 2144.584083875641, 1.3919999599456787]]},