{"type": "block", "layer": 6, "block": 3, "features": [{"geom": {"triangles": {"v": [-938.736328125, 2503.625, 0.6119999885559082, -945.146484375, 2505.765625, 0.6119999885559082, -938.564453125, 2504.140625, 0.6119999885559082, -942.583984375, 2513.46875, 0.6119999885559082, -936.306640625, 2511.375, 0.6119999885559082, -929.466796875, 2501.109375, 0.6119999885559082, -926.263671875, 2510.734375, 0.6119999885559082, -932.076171875, 2524.109375, 0.6119999885559082, -923.173828125, 2520.15625, 0.6119999885559082, -924.384765625, 2510.125, 0.6119999885559082, -921.255859375, 2519.515625, 0.6119999885559082, -922.876953125, 2521.046875, 0.6119999885559082, -932.076171875, 2524.109375, 3.611999988555908, -936.306640625, 2511.375, 3.611999988555908, -942.583984375, 2513.46875, 3.611999988555908, -945.146484375, 2505.765625, 3.611999988555908, -938.736328125, 2503.625, 3.611999988555908, -938.564453125, 2504.140625, 3.611999988555908, -929.466796875, 2501.109375, 3.611999988555908, -926.263671875, 2510.734375, 3.611999988555908, -924.384765625, 2510.125, 3.611999988555908, -921.255859375, 2519.515625, 3.611999988555908, -923.173828125, 2520.15625, 3.611999988555908, -922.876953125, 2521.046875, 3.611999988555908], "f": [0, 1, 2, 2, 1, 3, 4, 2, 3, 2, 4, 5, 5, 4, 6, 6, 4, 7, 8, 6, 7, 9, 6, 8, 9, 8, 10, 8, 7, 11, 4, 12, 7, 4, 13, 12, 3, 13, 4, 3, 14, 13, 1, 14, 3, 1, 15, 14, 15, 0, 16, 15, 1, 0, 16, 2, 17, 16, 0, 2, 17, 5, 18, 17, 2, 5, 18, 6, 19, 18, 5, 6, 20, 19, 6, 20, 6, 9, 20, 10, 21, 20, 9, 10, 8, 21, 10, 8, 22, 21, 23, 22, 8, 23, 8, 11, 7, 23, 11, 7, 12, 23, 17, 14, 15, 14, 17, 13, 13, 17, 18, 19, 13, 18, 12, 13, 19, 12, 19, 22, 12, 22, 23, 19, 20, 22, 22, 20, 21, 17, 15, 16]}, "centroids": [[-932.2054146812588, 2512.001789422764, 0.6119999885559082]]}, "mtl": {"idx": 0}}, {"geom": {"triangles": {"v": [-748.044921875, 2529.65625, 0.8550000190734863, -757.205078125, 2532.8125, 0.8550000190734863, -743.833984375, 2541.90625, 0.8550000190734863, -753.005859375, 2545.0625, 0.8550000190734863, -757.205078125, 2532.8125, 4.925000190734863, -753.005859375, 2545.0625, 4.925000190734863, -748.044921875, 2529.65625, 4.925000190734863, -743.833984375, 2541.90625, 4.925000190734863], "f": [0, 1, 2, 1, 3, 2, 3, 1, 4, 3, 4, 5, 4, 0, 6, 4, 1, 0, 7, 6, 0, 7, 0, 2, 3, 7, 2, 3, 5, 7, 5, 4, 7, 4, 6, 7]}, "centroids": [[-750.5222051134115, 2537.362835754262, 0.8550000190734863]]}, "mtl": {"idx": 0}}, {"geom": {"triangles": {"v": [-915.974609375, 2001.359375, 1.246999979019165, -915.556640625, 2003.046875, 1.246999979019165, -915.294921875, 2001.1875, 1.246999979019165, -913.916015625, 2000.75, 1.246999979019165, -915.455078125, 2000.5625, 1.246999979019165, -914.056640625, 2000.21875, 1.246999979019165, -906.416015625, 2000.71875, 1.246999979019165, -906.626953125, 1999.890625, 1.246999979019165, -903.744140625, 1998.15625, 1.246999979019165, -903.224609375, 1999.03125, 1.246999979019165, -901.126953125, 1997.4375, 1.246999979019165, -904.376953125, 1995.703125, 1.246999979019165, -901.736328125, 1995.03125, 1.246999979019165, -898.806640625, 2003.140625, 1.246999979019165, -900.314453125, 1997.21875, 1.246999979019165, -901.966796875, 2003.953125, 1.246999979019165, -915.556640625, 2003.046875, 5.521010398864746, -915.974609375, 2001.359375, 5.521010398864746, -915.294921875, 2001.1875, 5.521010398864746, -915.455078125, 2000.5625, 5.521010398864746, -914.056640625, 2000.21875, 5.521010398864746, -913.916015625, 2000.75, 5.521010398864746, -903.744140625, 1998.15625, 5.521010398864746, -904.376953125, 1995.703125, 5.521010398864746, -901.736328125, 1995.03125, 5.521010398864746, -901.126953125, 1997.4375, 5.521010398864746, -900.314453125, 1997.21875, 5.521010398864746, -898.806640625, 2003.140625, 5.521010398864746, -901.966796875, 2003.953125, 5.521010398864746, -903.224609375, 1999.03125, 5.521010398864746, -906.626953125, 1999.890625, 5.521010398864746, -906.416015625, 2000.71875, 5.521010398864746, -903.224609375, 1999.03125, 5.521009922027588, -901.126953125, 1997.4375, 5.521009922027588, -898.806640625, 2003.140625, 5.521009922027588, -901.966796875, 2003.953125, 5.521009922027588, -900.314453125, 1997.21875, 5.521009922027588, -901.736328125, 1995.03125, 5.521009922027588], "f": [0, 1, 2, 3, 2, 1, 4, 2, 3, 5, 4, 3, 1, 6, 3, 7, 3, 6, 3, 7, 8, 8, 7, 9, 8, 9, 10, 11, 8, 10, 12, 11, 10, 10, 9, 13, 14, 10, 13, 9, 15, 13, 0, 16, 1, 0, 17, 16, 17, 2, 18, 17, 0, 2, 4, 18, 2, 4, 19, 18, 20, 19, 4, 20, 4, 5, 20, 3, 21, 20, 5, 3, 21, 8, 22, 21, 3, 8, 11, 22, 8, 11, 23, 22, 24, 23, 11, 24, 11, 12, 25, 24, 12, 25, 12, 10, 25, 14, 26, 25, 10, 14, 27, 26, 14, 27, 14, 13, 15, 27, 13, 15, 28, 27, 9, 28, 15, 9, 29, 28, 7, 29, 9, 7, 30, 29, 31, 30, 7, 31, 7, 6, 1, 31, 6, 1, 16, 31, 16, 17, 18, 16, 18, 21, 31, 16, 21, 31, 21, 30, 22, 30, 21, 30, 22, 32, 32, 22, 33, 32, 33, 34, 35, 32, 34, 33, 36, 34, 33, 22, 23, 33, 23, 37, 21, 18, 19, 21, 19, 20]}, "centroids": [[-905.4475348709602, 2000.056078639056, 1.246999979019165]]}, "mtl": {"idx": 0}}, {"geom": {"triangles": {"v": [-913.775390625, 2098.078125, 1.3919999599456787, -914.173828125, 2104.71875, 1.3919999599456787, -912.564453125, 2104.828125, 1.3919999599456787, -905.564453125, 2100.234375, 1.3919999599456787, -905.466796875, 2098.5625, 1.3919999599456787, -903.974609375, 2110.484375, 1.3919999599456787, -901.787109375, 2100.453125, 1.3919999599456787, -902.396484375, 2110.578125, 1.3919999599456787, -904.794921875, 2111.609375, 1.3919999599456787, -904.044921875, 2111.65625, 1.3919999599456787, -913.013671875, 2112.21875, 1.3919999599456787, -904.853515625, 2112.703125, 1.3919999599456787, -903.974609375, 2110.484375, 6.712499618530273, -902.396484375, 2110.578125, 6.712499618530273, -904.044921875, 2111.65625, 6.712499618530273, -904.794921875, 2111.609375, 6.712499618530273, -904.853515625, 2112.703125, 6.712499618530273, -913.013671875, 2112.21875, 6.712499618530273, -912.564453125, 2104.828125, 6.712499618530273, -914.173828125, 2104.71875, 6.712499618530273, -913.775390625, 2098.078125, 6.712499618530273, -905.466796875, 2098.5625, 6.712499618530273, -905.564453125, 2100.234375, 6.712499618530273, -901.787109375, 2100.453125, 6.712499618530273], "f": [0, 1, 2, 0, 2, 3, 0, 3, 4, 3, 2, 5, 6, 3, 5, 5, 7, 6, 5, 2, 8, 5, 8, 9, 2, 10, 8, 10, 11, 8, 7, 5, 12, 7, 12, 13, 5, 9, 14, 5, 14, 12, 8, 14, 9, 8, 15, 14, 11, 15, 8, 11, 16, 15, 10, 16, 11, 10, 17, 16, 18, 17, 10, 18, 10, 2, 2, 1, 19, 2, 19, 18, 19, 0, 20, 19, 1, 0, 21, 20, 0, 21, 0, 4, 4, 3, 22, 4, 22, 21, 22, 6, 23, 22, 3, 6, 7, 23, 6, 7, 13, 23, 18, 19, 20, 22, 18, 20, 18, 22, 12, 15, 18, 12, 17, 18, 15, 16, 17, 15, 14, 15, 12, 12, 22, 23, 13, 12, 23, 22, 20, 21]}, "centroids": [[-908.045782335852, 2105.277324097464, 1.3919999599456787]]},