{"type": "block", "layer": 6, "block": 3, "features": [{"geom": {"triangles": {"v": [-856.1098197013998, 2504.0322705511353, 0.6119999885559082, -862.5199759513998, 2506.1728955511353, 0.6119999885559082, -855.9379447013998, 2504.5478955511353, 0.6119999885559082, -859.9574759513998, 2513.8760205511353, 0.6119999885559082, -853.6801322013998, 2511.7822705511353, 0.6119999885559082, -846.8402884513998, 2501.5166455511353, 0.6119999885559082, -843.6371634513998, 2511.1416455511353, 0.6119999885559082, -849.4496634513998, 2524.5166455511353, 0.6119999885559082, -840.5473197013998, 2520.5635205511353, 0.6119999885559082, -841.7582572013998, 2510.5322705511353, 0.6119999885559082, -838.6293509513998, 2519.9228955511353, 0.6119999885559082, -840.2504447013998, 2521.4541455511353, 0.6119999885559082, -849.4496634513998, 2524.5166455511353, 3.611999988555908, -853.6801322013998, 2511.7822705511353, 3.611999988555908, -859.9574759513998, 2513.8760205511353, 3.611999988555908, -862.5199759513998, 2506.1728955511353, 3.611999988555908, -856.1098197013998, 2504.0322705511353, 3.611999988555908, -855.9379447013998, 2504.5478955511353, 3.611999988555908, -846.8402884513998, 2501.5166455511353, 3.611999988555908, -843.6371634513998, 2511.1416455511353, 3.611999988555908, -841.7582572013998, 2510.5322705511353, 3.611999988555908, -838.6293509513998, 2519.9228955511353, 3.611999988555908, -840.5473197013998, 2520.5635205511353, 3.611999988555908, -840.2504447013998, 2521.4541455511353, 3.611999988555908], "f": [0, 1, 2, 2, 1, 3, 4, 2, 3, 2, 4, 5, 5, 4, 6, 6, 4, 7, 8, 6, 7, 9, 6, 8, 9, 8, 10, 8, 7, 11, 4, 12, 7, 4, 13, 12, 3, 13, 4, 3, 14, 13, 1, 14, 3, 1, 15, 14, 15, 0, 16, 15, 1, 0, 16, 2, 17, 16, 0, 2, 17, 5, 18, 17, 2, 5, 18, 6, 19, 18, 5, 6, 20, 19, 6, 20, 6, 9, 20, 10, 21, 20, 9, 10, 8, 21, 10, 8, 22, 21, 23, 22, 8, 23, 8, 11, 7, 23, 11, 7, 12, 23, 17, 14, 15, 14, 17, 13, 13, 17, 18, 19, 13, 18, 12, 13, 19, 12, 19, 22, 12, 22, 23, 19, 20, 22, 22, 20, 21, 17, 15, 16]}, "centroids": [[-849.5789062576587, 2512.4090599738993, 0.6119999885559082]]}, "mtl": {"idx": 0}}, {"geom": {"triangles": {"v": [-665.4184134513998, 2530.0635205511353, 0.8550000190734863, -674.5785697013998, 2533.2197705511353, 0.8550000190734863, -661.2074759513998, 2542.3135205511353, 0.8550000190734863, -670.3793509513998, 2545.4697705511353, 0.8550000190734863, -674.5785697013998, 2533.2197705511353, 4.925000190734863, -670.3793509513998, 2545.4697705511353, 4.925000190734863, -665.4184134513998, 2530.0635205511353, 4.925000190734863, -661.2074759513998, 2542.3135205511353, 4.925000190734863], "f": [0, 1, 2, 1, 3, 2, 3, 1, 4, 3, 4, 5, 4, 0, 6, 4, 1, 0, 7, 6, 0, 7, 0, 2, 3, 7, 2, 3, 5, 7, 5, 4, 7, 4, 6, 7]}, "centroids": [[-667.8956966898113, 2537.7701063053973, 0.8550000190734863]]}, "mtl": {"idx": 0}}, {"geom": {"triangles": {"v": [-833.3481009513998, 2001.7666455511353, 1.246999979019165, -832.9301322013998, 2003.4541455511353, 1.246999979019165, -832.6684134513998, 2001.5947705511353, 1.246999979019165, -831.2895072013998, 2001.1572705511353, 1.246999979019165, -832.8285697013998, 2000.9697705511353, 1.246999979019165, -831.4301322013998, 2000.6260205511353, 1.246999979019165, -823.7895072013998, 2001.1260205511353, 1.246999979019165, -824.0004447013998, 2000.2978955511353, 1.246999979019165, -821.1176322013998, 1998.5635205511353, 1.246999979019165, -820.5981009513998, 1999.4385205511353, 1.246999979019165, -818.5004447013998, 1997.8447705511353, 1.246999979019165, -821.7504447013998, 1996.1103955511353, 1.246999979019165, -819.1098197013998, 1995.4385205511353, 1.246999979019165, -816.1801322013998, 2003.5478955511353, 1.246999979019165, -817.6879447013998, 1997.6260205511353, 1.246999979019165, -819.3402884513998, 2004.3603955511353, 1.246999979019165, -832.9301322013998, 2003.4541455511353, 5.521010398864746, -833.3481009513998, 2001.7666455511353, 5.521010398864746, -832.6684134513998, 2001.5947705511353, 5.521010398864746, -832.8285697013998, 2000.9697705511353, 5.521010398864746, -831.4301322013998, 2000.6260205511353, 5.521010398864746, -831.2895072013998, 2001.1572705511353, 5.521010398864746, -821.1176322013998, 1998.5635205511353, 5.521010398864746, -821.7504447013998, 1996.1103955511353, 5.521010398864746, -819.1098197013998, 1995.4385205511353, 5.521010398864746, -818.5004447013998, 1997.8447705511353, 5.521010398864746, -817.6879447013998, 1997.6260205511353, 5.521010398864746, -816.1801322013998, 2003.5478955511353, 5.521010398864746, -819.3402884513998, 2004.3603955511353, 5.521010398864746, -820.5981009513998, 1999.4385205511353, 5.521010398864746, -824.0004447013998, 2000.2978955511353, 5.521010398864746, -823.7895072013998, 2001.1260205511353, 5.521010398864746, -820.5981009513998, 1999.4385205511353, 5.521009922027588, -818.5004447013998, 1997.8447705511353, 5.521009922027588, -816.1801322013998, 2003.5478955511353, 5.521009922027588, -819.3402884513998, 2004.3603955511353, 5.521009922027588, -817.6879447013998, 1997.6260205511353, 5.521009922027588, -819.1098197013998, 1995.4385205511353, 5.521009922027588], "f": [0, 1, 2, 3, 2, 1, 4, 2, 3, 5, 4, 3, 1, 6, 3, 7, 3, 6, 3, 7, 8, 8, 7, 9, 8, 9, 10, 11, 8, 10, 12, 11, 10, 10, 9, 13, 14, 10, 13, 9, 15, 13, 0, 16, 1, 0, 17, 16, 17, 2, 18, 17, 0, 2, 4, 18, 2, 4, 19, 18, 20, 19, 4, 20, 4, 5, 20, 3, 21, 20, 5, 3, 21, 8, 22, 21, 3, 8, 11, 22, 8, 11, 23, 22, 24, 23, 11, 24, 11, 12, 25, 24, 12, 25, 12, 10, 25, 14, 26, 25, 10, 14, 27, 26, 14, 27, 14, 13, 15, 27, 13, 15, 28, 27, 9, 28, 15, 9, 29, 28, 7, 29, 9, 7, 30, 29, 31, 30, 7, 31, 7, 6, 1, 31, 6, 1, 16, 31, 16, 17, 18, 16, 18, 21, 31, 16, 21, 31, 21, 30, 22, 30, 21, 30, 22, 32, 32, 22, 33, 32, 33, 34, 35, 32, 34, 33, 36, 34, 33, 22, 23, 33, 23, 37, 21, 18, 19, 21, 19, 20]}, "centroids": [[-822.82102644736, 2000.4633491901914, 1.246999979019165]]}, "mtl": {"idx": 0}}, {"geom": {"triangles": {"v": [-831.1488822013998, 2098.4853955511353, 1.3919999599456787, -831.5473197013998, 2105.1260205511353, 1.3919999599456787, -829.9379447013998, 2105.2353955511353, 1.3919999599456787, -822.9379447013998, 2100.6416455511353, 1.3919999599456787, -822.8402884513998, 2098.9697705511353, 1.3919999599456787, -821.3481009513998, 2110.8916455511353, 1.3919999599456787, -819.1606009513998, 2100.8603955511353, 1.3919999599456787, -819.7699759513998, 2110.9853955511353, 1.3919999599456787, -822.1684134513998, 2112.0166455511353, 1.3919999599456787, -821.4184134513998, 2112.0635205511353, 1.3919999599456787, -830.3871634513998, 2112.6260205511353, 1.3919999599456787, -822.2270072013998, 2113.1103955511353, 1.3919999599456787, -821.3481009513998, 2110.8916455511353, 6.712499618530273, -819.7699759513998, 2110.9853955511353, 6.712499618530273, -821.4184134513998, 2112.0635205511353, 6.712499618530273, -822.1684134513998, 2112.0166455511353, 6.712499618530273, -822.2270072013998, 2113.1103955511353, 6.712499618530273, -830.3871634513998, 2112.6260205511353, 6.712499618530273, -829.9379447013998, 2105.2353955511353, 6.712499618530273, -831.5473197013998, 2105.1260205511353, 6.712499618530273, -831.1488822013998, 2098.4853955511353, 6.712499618530273, -822.8402884513998, 2098.9697705511353, 6.712499618530273, -822.9379447013998, 2100.6416455511353, 6.712499618530273, -819.1606009513998, 2100.8603955511353, 6.712499618530273], "f": [0, 1, 2, 0, 2, 3, 0, 3, 4, 3, 2, 5, 6, 3, 5, 5, 7, 6, 5, 2, 8, 5, 8, 9, 2, 10, 8, 10, 11, 8, 7, 5, 12, 7, 12, 13, 5, 9, 14, 5, 14, 12, 8, 14, 9, 8, 15, 14, 11, 15, 8, 11, 16, 15, 10, 16, 11, 10, 17, 16, 18, 17, 10, 18, 10, 2, 2, 1, 19, 2, 19, 18, 19, 0, 20, 19, 1, 0, 21, 20, 0, 21, 0, 4, 4, 3, 22, 4, 22, 21, 22, 6, 23, 22, 3, 6, 7, 23, 6, 7, 13, 23, 18, 19, 20, 22, 18, 20, 18, 22, 12, 15, 18, 12, 17, 18, 15, 16, 17, 15, 14, 15, 12, 12, 22, 23, 13, 12, 23, 22, 20, 21]}, "centroids": [[-825.4192739122518, 2105.684594648599, 1.3919999599456787]]},