{"type": "block", "layer": 6, "block": 3, "features": [{"geom": {"triangles": {"v": [-980.7449824661089, 2542.0633100706327, 0.6119999885559082, -987.1551387161089, 2544.2039350706327, 0.6119999885559082, -980.5731074661089, 2542.5789350706327, 0.6119999885559082, -984.5926387161089, 2551.9070600706327, 0.6119999885559082, -978.3152949661089, 2549.8133100706327, 0.6119999885559082, -971.4754512161089, 2539.5476850706327, 0.6119999885559082, -968.2723262161089, 2549.1726850706327, 0.6119999885559082, -974.0848262161089, 2562.5476850706327, 0.6119999885559082, -965.1824824661089, 2558.5945600706327, 0.6119999885559082, -966.3934199661089, 2548.5633100706327, 0.6119999885559082, -963.2645137161089, 2557.9539350706327, 0.6119999885559082, -964.8856074661089, 2559.4851850706327, 0.6119999885559082, -974.0848262161089, 2562.5476850706327, 3.611999988555908, -978.3152949661089, 2549.8133100706327, 3.611999988555908, -984.5926387161089, 2551.9070600706327, 3.611999988555908, -987.1551387161089, 2544.2039350706327, 3.611999988555908, -980.7449824661089, 2542.0633100706327, 3.611999988555908, -980.5731074661089, 2542.5789350706327, 3.611999988555908, -971.4754512161089, 2539.5476850706327, 3.611999988555908, -968.2723262161089, 2549.1726850706327, 3.611999988555908, -966.3934199661089, 2548.5633100706327, 3.611999988555908, -963.2645137161089, 2557.9539350706327, 3.611999988555908, -965.1824824661089, 2558.5945600706327, 3.611999988555908, -964.8856074661089, 2559.4851850706327, 3.611999988555908], "f": [0, 1, 2, 2, 1, 3, 4, 2, 3, 2, 4, 5, 5, 4, 6, 6, 4, 7, 8, 6, 7, 9, 6, 8, 9, 8, 10, 8, 7, 11, 4, 12, 7, 4, 13, 12, 3, 13, 4, 3, 14, 13, 1, 14, 3, 1, 15, 14, 15, 0, 16, 15, 1, 0, 16, 2, 17, 16, 0, 2, 17, 5, 18, 17, 2, 5, 18, 6, 19, 18, 5, 6, 20, 19, 6, 20, 6, 9, 20, 10, 21, 20, 9, 10, 8, 21, 10, 8, 22, 21, 23, 22, 8, 23, 8, 11, 7, 23, 11, 7, 12, 23, 17, 14, 15, 14, 17, 13, 13, 17, 18, 19, 13, 18, 12, 13, 19, 12, 19, 22, 12, 22, 23, 19, 20, 22, 22, 20, 21, 17, 15, 16]}, "centroids": [[-974.2140690223678, 2550.4400994933967, 0.6119999885559082]]}, "mtl": {"idx": 0}}, {"geom": {"triangles": {"v": [-790.0535762161089, 2568.0945600706327, 0.8550000190734863, -799.2137324661089, 2571.2508100706327, 0.8550000190734863, -785.8426387161089, 2580.3445600706327, 0.8550000190734863, -795.0145137161089, 2583.5008100706327, 0.8550000190734863, -799.2137324661089, 2571.2508100706327, 4.925000190734863, -795.0145137161089, 2583.5008100706327, 4.925000190734863, -790.0535762161089, 2568.0945600706327, 4.925000190734863, -785.8426387161089, 2580.3445600706327, 4.925000190734863], "f": [0, 1, 2, 1, 3, 2, 3, 1, 4, 3, 4, 5, 4, 0, 6, 4, 1, 0, 7, 6, 0, 7, 0, 2, 3, 7, 2, 3, 5, 7, 5, 4, 7, 4, 6, 7]}, "centroids": [[-792.5308594545204, 2575.801145824895, 0.8550000190734863]]}, "mtl": {"idx": 0}}, {"geom": {"triangles": {"v": [-957.9832637161089, 2039.7976850706327, 1.246999979019165, -957.5652949661089, 2041.4851850706327, 1.246999979019165, -957.3035762161089, 2039.6258100706327, 1.246999979019165, -955.9246699661089, 2039.1883100706327, 1.246999979019165, -957.4637324661089, 2039.0008100706327, 1.246999979019165, -956.0652949661089, 2038.6570600706327, 1.246999979019165, -948.4246699661089, 2039.1570600706327, 1.246999979019165, -948.6356074661089, 2038.3289350706327, 1.246999979019165, -945.7527949661089, 2036.5945600706327, 1.246999979019165, -945.2332637161089, 2037.4695600706327, 1.246999979019165, -943.1356074661089, 2035.8758100706327, 1.246999979019165, -946.3856074661089, 2034.1414350706327, 1.246999979019165, -943.7449824661089, 2033.4695600706327, 1.246999979019165, -940.8152949661089, 2041.5789350706327, 1.246999979019165, -942.3231074661089, 2035.6570600706327, 1.246999979019165, -943.9754512161089, 2042.3914350706327, 1.246999979019165, -957.5652949661089, 2041.4851850706327, 5.521010398864746, -957.9832637161089, 2039.7976850706327, 5.521010398864746, -957.3035762161089, 2039.6258100706327, 5.521010398864746, -957.4637324661089, 2039.0008100706327, 5.521010398864746, -956.0652949661089, 2038.6570600706327, 5.521010398864746, -955.9246699661089, 2039.1883100706327, 5.521010398864746, -945.7527949661089, 2036.5945600706327, 5.521010398864746, -946.3856074661089, 2034.1414350706327, 5.521010398864746, -943.7449824661089, 2033.4695600706327, 5.521010398864746, -943.1356074661089, 2035.8758100706327, 5.521010398864746, -942.3231074661089, 2035.6570600706327, 5.521010398864746, -940.8152949661089, 2041.5789350706327, 5.521010398864746, -943.9754512161089, 2042.3914350706327, 5.521010398864746, -945.2332637161089, 2037.4695600706327, 5.521010398864746, -948.6356074661089, 2038.3289350706327, 5.521010398864746, -948.4246699661089, 2039.1570600706327, 5.521010398864746, -945.2332637161089, 2037.4695600706327, 5.521009922027588, -943.1356074661089, 2035.8758100706327, 5.521009922027588, -940.8152949661089, 2041.5789350706327, 5.521009922027588, -943.9754512161089, 2042.3914350706327, 5.521009922027588, -942.3231074661089, 2035.6570600706327, 5.521009922027588, -943.7449824661089, 2033.4695600706327, 5.521009922027588], "f": [0, 1, 2, 3, 2, 1, 4, 2, 3, 5, 4, 3, 1, 6, 3, 7, 3, 6, 3, 7, 8, 8, 7, 9, 8, 9, 10, 11, 8, 10, 12, 11, 10, 10, 9, 13, 14, 10, 13, 9, 15, 13, 0, 16, 1, 0, 17, 16, 17, 2, 18, 17, 0, 2, 4, 18, 2, 4, 19, 18, 20, 19, 4, 20, 4, 5, 20, 3, 21, 20, 5, 3, 21, 8, 22, 21, 3, 8, 11, 22, 8, 11, 23, 22, 24, 23, 11, 24, 11, 12, 25, 24, 12, 25, 12, 10, 25, 14, 26, 25, 10, 14, 27, 26, 14, 27, 14, 13, 15, 27, 13, 15, 28, 27, 9, 28, 15, 9, 29, 28, 7, 29, 9, 7, 30, 29, 31, 30, 7, 31, 7, 6, 1, 31, 6, 1, 16, 31, 16, 17, 18, 16, 18, 21, 31, 16, 21, 31, 21, 30, 22, 30, 21, 30, 22, 32, 32, 22, 33, 32, 33, 34, 35, 32, 34, 33, 36, 34, 33, 22, 23, 33, 23, 37, 21, 18, 19, 21, 19, 20]}, "centroids": [[-947.4561892120691, 2038.4943887096888, 1.246999979019165]]}, "mtl": {"idx": 0}}, {"geom": {"triangles": {"v": [-955.7840449661089, 2136.5164350706327, 1.3919999599456787, -956.1824824661089, 2143.1570600706327, 1.3919999599456787, -954.5731074661089, 2143.2664350706327, 1.3919999599456787, -947.5731074661089, 2138.6726850706327, 1.3919999599456787, -947.4754512161089, 2137.0008100706327, 1.3919999599456787, -945.9832637161089, 2148.9226850706327, 1.3919999599456787, -943.7957637161089, 2138.8914350706327, 1.3919999599456787, -944.4051387161089, 2149.0164350706327, 1.3919999599456787, -946.8035762161089, 2150.0476850706327, 1.3919999599456787, -946.0535762161089, 2150.0945600706327, 1.3919999599456787, -955.0223262161089, 2150.6570600706327, 1.3919999599456787, -946.8621699661089, 2151.1414350706327, 1.3919999599456787, -945.9832637161089, 2148.9226850706327, 6.712499618530273, -944.4051387161089, 2149.0164350706327, 6.712499618530273, -946.0535762161089, 2150.0945600706327, 6.712499618530273, -946.8035762161089, 2150.0476850706327, 6.712499618530273, -946.8621699661089, 2151.1414350706327, 6.712499618530273, -955.0223262161089, 2150.6570600706327, 6.712499618530273, -954.5731074661089, 2143.2664350706327, 6.712499618530273, -956.1824824661089, 2143.1570600706327, 6.712499618530273, -955.7840449661089, 2136.5164350706327, 6.712499618530273, -947.4754512161089, 2137.0008100706327, 6.712499618530273, -947.5731074661089, 2138.6726850706327, 6.712499618530273, -943.7957637161089, 2138.8914350706327, 6.712499618530273], "f": [0, 1, 2, 0, 2, 3, 0, 3, 4, 3, 2, 5, 6, 3, 5, 5, 7, 6, 5, 2, 8, 5, 8, 9, 2, 10, 8, 10, 11, 8, 7, 5, 12, 7, 12, 13, 5, 9, 14, 5, 14, 12, 8, 14, 9, 8, 15, 14, 11, 15, 8, 11, 16, 15, 10, 16, 11, 10, 17, 16, 18, 17, 10, 18, 10, 2, 2, 1, 19, 2, 19, 18, 19, 0, 20, 19, 1, 0, 21, 20, 0, 21, 0, 4, 4, 3, 22, 4, 22, 21, 22, 6, 23, 22, 3, 6, 7, 23, 6, 7, 13, 23, 18, 19, 20, 22, 18, 20, 18, 22, 12, 15, 18, 12, 17, 18, 15, 16, 17, 15, 14, 15, 12, 12, 22, 23, 13, 12, 23, 22, 20, 21]}, "centroids": [[-950.0544366769609, 2143.7156341680966, 1.3919999599456787]]},