{"type": "block", "layer": 6, "block": 4, "features": [{"geom": {"triangles": {"v": [1002.634765625, 1491.375, 0.7440000176429749, 1004.353515625, 1495.234375, 0.7440000176429749, 1005.146484375, 1490.265625, 0.7440000176429749, 1006.865234375, 1494.109375, 0.7440000176429749, 1004.353515625, 1495.234375, 3.74399995803833, 1002.634765625, 1491.375, 3.74399995803833, 1005.146484375, 1490.265625, 3.74399995803833, 1006.865234375, 1494.109375, 3.74399995803833], "f": [0, 1, 2, 2, 1, 3, 0, 4, 1, 0, 5, 4, 5, 2, 6, 5, 0, 2, 6, 3, 7, 6, 2, 3, 3, 1, 4, 3, 4, 7, 4, 5, 6, 4, 6, 7]}, "centroids": [[1004.7497680284287, 1492.7468932179618, 0.7440000176429749]]}, "mtl": {"idx": 0}}, {"geom": {"triangles": {"v": [1005.533203125, 1515.90625, 0.28600001335144043, 1016.673828125, 1520.515625, 0.28600001335144043, 1020.373046875, 1514.375, 0.28600001335144043, 1017.564453125, 1529.125, 0.28600001335144043, 1007.814453125, 1537.90625, 0.28600001335144043, 1028.255859375, 1535.78125, 0.28600001335144043, 1027.462890625, 1528.109375, 0.28600001335144043, 1020.962890625, 1520.078125, 0.28600001335144043, 1007.814453125, 1537.90625, 6.526000022888184, 1005.533203125, 1515.90625, 6.526000022888184, 1020.373046875, 1514.375, 6.526000022888184, 1020.962890625, 1520.078125, 6.526000022888184, 1016.673828125, 1520.515625, 6.526000022888184, 1017.564453125, 1529.125, 6.526000022888184, 1027.462890625, 1528.109375, 6.526000022888184, 1028.255859375, 1535.78125, 6.526000022888184], "f": [0, 1, 2, 1, 0, 3, 3, 0, 4, 3, 4, 5, 6, 3, 5, 2, 1, 7, 0, 8, 4, 0, 9, 8, 9, 2, 10, 9, 0, 2, 11, 10, 2, 11, 2, 7, 1, 11, 7, 1, 12, 11, 12, 3, 13, 12, 1, 3, 13, 6, 14, 13, 3, 6, 14, 5, 15, 14, 6, 5, 4, 15, 5, 4, 8, 15, 13, 8, 9, 8, 13, 15, 13, 14, 15, 13, 9, 12, 12, 9, 10, 12, 10, 11]}, "centroids": [[1014.939657789073, 1527.099326310563, 0.28600001335144043]]}, "mtl": {"idx": 0}, "lbl": "建真工業", "lh": 50.0}, {"geom": {"triangles": {"v": [1003.306640625, 1496.4375, 0.6729999780654907, 1005.525390625, 1514.71875, 0.6729999780654907, 1007.896484375, 1495.875, 0.6729999780654907, 1010.115234375, 1514.171875, 0.6729999780654907, 1003.306640625, 1496.4375, 3.7960000038146973, 1005.525390625, 1514.71875, 3.7960000038146973, 1007.896484375, 1495.875, 3.7960000038146973, 1010.115234375, 1514.171875, 3.7960000038146973], "f": [0, 1, 2, 2, 1, 3, 1, 0, 4, 1, 4, 5, 4, 2, 6, 4, 0, 2, 6, 3, 7, 6, 2, 3, 1, 7, 3, 1, 5, 7, 5, 4, 6, 7, 5, 6]}, "centroids": [[1006.7099251390682, 1505.3039736294304, 0.6729999780654907]]}, "mtl": {"idx": 0}}, {"geom": {"triangles": {"v": [1016.134765625, 1506.484375, 0.7400000095367432, 1012.794921875, 1507.078125, 0.7400000095367432, 1017.712890625, 1509.75, 0.7400000095367432, 1014.064453125, 1514.4375, 0.7400000095367432, 1018.396484375, 1513.6875, 0.7400000095367432, 1014.064453125, 1514.4375, 3.740000009536743, 1012.794921875, 1507.078125, 3.740000009536743, 1016.134765625, 1506.484375, 3.740000009536743, 1017.712890625, 1509.75, 3.740000009536743, 1018.396484375, 1513.6875, 3.740000009536743], "f": [0, 1, 2, 1, 3, 2, 2, 3, 4, 1, 5, 3, 1, 6, 5, 7, 6, 1, 7, 1, 0, 7, 2, 8, 7, 0, 2, 8, 4, 9, 8, 2, 4, 3, 9, 4, 3, 5, 9, 8, 5, 6, 5, 8, 9, 8, 6, 7]}, "centroids": [[1015.5160175761121, 1510.5422347169078, 0.7400000095367432]]}, "mtl": {"idx": 0}}, {"geom": {"triangles": {"v": [892.513671875, 1890.046875, 0.42100000381469727, 887.486328125, 1892.484375, 0.42100000381469727, 894.212890625, 1893.78125, 0.42100000381469727, 902.873046875, 1891.296875, 0.42100000381469727, 898.443359375, 1882.140625, 0.42100000381469727, 890.533203125, 1885.96875, 0.42100000381469727, 894.873046875, 1895.15625, 0.42100000381469727, 889.263671875, 1896.171875, 0.42100000381469727, 894.873046875, 1895.15625, 10.025999069213867, 902.873046875, 1891.296875, 10.025999069213867, 894.212890625, 1893.78125, 10.025999069213867, 889.263671875, 1896.171875, 10.025999069213867, 887.486328125, 1892.484375, 10.025999069213867, 892.513671875, 1890.046875, 10.025999069213867, 890.533203125, 1885.96875, 10.025999069213867, 898.443359375, 1882.140625, 10.025999069213867], "f": [0, 1, 2, 3, 0, 2, 4, 0, 3, 5, 0, 4, 2, 6, 3, 1, 7, 2, 3, 6, 8, 3, 8, 9, 6, 2, 10, 6, 10, 8, 2, 7, 11, 2, 11, 10, 7, 1, 12, 7, 12, 11, 12, 0, 13, 12, 1, 0, 5, 13, 0, 5, 14, 13, 14, 4, 15, 14, 5, 4, 9, 15, 4, 9, 4, 3, 11, 12, 10, 12, 13, 10, 10, 13, 9, 8, 10, 9, 13, 15, 9, 13, 14, 15]}, "centroids": [[895.5173805749873, 1889.5499708256975, 0.42100000381469727]]}, "mtl": {"idx": 0}, "lbl": "赤塚ボーリング", "lh": 50.0}, {"geom": {"triangles": {"v": [858.544921875, 2060.15625, 0.039000000804662704, 839.365234375, 2065.828125, 0.039000000804662704, 840.775390625, 2070.609375, 0.039000000804662704, 859.962890625, 2064.953125, 0.039000000804662704, 840.775390625, 2070.609375, 5.76200008392334, 839.365234375, 2065.828125, 5.76200008392334, 858.544921875, 2060.15625, 5.76200008392334, 859.962890625, 2064.953125, 5.76200008392334], "f": [0, 1, 2, 3, 0, 2, 1, 4, 2, 1, 5, 4, 5, 0, 6, 5, 1, 0, 6, 3, 7, 6, 0, 3, 2, 7, 3, 2, 4, 7, 4, 5, 6, 4, 6, 7]}, "centroids": [[849.663258464323, 2065.386814532889, 0.039000000804662704]]}, "mtl": {"idx": 0}}, {"geom": {"triangles": {"v": [858.994140625, 2079.3125, 0.33500000834465027, 883.244140625, 2080.4375, 0.33500000834465027, 889.814453125, 2069.578125, 0.33500000834465027, 861.525390625, 2087.3125, 0.33500000834465027, 892.873046875, 2079.234375, 0.33500000834465027, 883.775390625, 2082.125, 0.33500000834465027, 892.873046875, 2079.234375, 6.9704999923706055, 883.775390625, 2082.125, 6.9704999923706055, 883.244140625, 2080.4375, 6.9704999923706055, 861.525390625, 2087.3125, 6.9704999923706055, 858.994140625, 2079.3125, 6.9704999923706055, 889.814453125, 2069.578125, 6.9704999923706055], "f": [0, 1, 2, 0, 3, 1, 2, 1, 4, 1, 5, 4, 5, 6, 4, 5, 7, 6, 5, 1, 8, 5, 8, 7, 1, 3, 9, 1, 9, 8, 0, 9, 3, 0, 10, 9, 10, 2, 11, 10, 0, 2, 11, 4, 6, 11, 2, 4, 9, 10, 8, 8, 10, 11, 8, 11, 6, 7, 8, 6]}, "centroids": [[876.390469144113, 2078.5225112197513, 0.33500000834465027]]}, "mtl": {"idx": 0}}, {"geom": {"triangles": {"v": [858.263671875, 2080.515625, 0.07199999690055847, 844.294921875, 2084.75, 0.07199999690055847, 867.646484375, 2111.546875, 0.07199999690055847, 853.673828125, 2115.78125, 0.07199999690055847, 853.673828125, 2115.78125, 9.069999694824219, 844.294921875, 2084.75, 9.069999694824219, 858.263671875, 2080.515625, 9.069999694824219, 867.646484375, 2111.546875, 9.069999694824219], "f": [0, 1, 2, 1, 3, 2, 1, 4, 3, 1, 5, 4, 5, 0, 6, 5, 1, 0, 6, 2, 7, 6, 0, 2, 3, 7, 2, 3, 4, 7, 4, 5, 7, 5, 6, 7]}, "centroids": [[855.969765623413, 2098.1519249992853, 0.07199999690055847]]}, "mtl": {"idx": 0}, "lbl": "みらい農園", "lh": 50.0}, {"geom": {"triangles": {"v": [894.013671875, 2105.21875, -0.050999999046325684, 854.134765625, 2117.796875, -0.050999999046325684, 897.306640625, 2115.625, -0.050999999046325684, 857.416015625, 2128.21875, -0.050999999046325684, 897.306640625, 2115.625, 6.164000034332275, 857.416015625, 2128.21875, 6.164000034332275, 854.134765625, 2117.796875, 6.164000034332275, 894.013671875, 2105.21875, 6.164000034332275], "f": [0, 1, 2, 1, 3, 2, 3, 4, 2, 3, 5, 4, 1, 5, 3, 1, 6, 5, 6, 0, 7, 6, 1, 0, 7, 2, 4, 7, 0, 2, 4, 5, 6, 4, 6, 7]}, "centroids": [[875.7182734232119, 2116.711798696517, -0.050999999046325684]]}, "mtl": {"idx": 0}}, {"geom": {"triangles": {"v": [856.244140625, 1673.359375, 0.40700000524520874, 854.884765625, 1683.484375, 0.40700000524520874, 877.056640625, 1676.15625, 0.40700000524520874, 875.693359375, 1686.28125, 0.40700000524520874, 875.693359375, 1686.28125, 7.581500053405762, 854.884765625, 1683.484375, 7.581500053405762, 856.244140625, 1673.359375, 7.581500053405762, 877.056640625, 1676.15625, 7.581500053405762], "f": [0, 1, 2, 1, 3, 2, 1, 4, 3, 1, 5, 4, 6, 5, 1, 6, 1, 0, 6, 2, 7, 6, 0, 2, 3, 7, 2, 3, 4, 7, 4, 5, 7, 5, 6, 7]}, "centroids": [[865.9697488805905, 1679.8168972018466, 0.40700000524520874]]}, "mtl": {"idx": 0}, "lbl": "神林工業",