{"type": "block", "layer": 6, "block": 86, "features": [{"geom": {"triangles": {"v": [502.4871891272778, -418.0079961406591, 1.996000051498413, 493.9676578772778, -412.0392461406591, 1.996000051498413, 505.3856266272778, -408.3986211406591, 1.996000051498413, 507.9676578772778, -410.1954961406591, 1.996000051498413, 504.7059391272778, -396.7267461406591, 1.996000051498413, 510.6473453772778, -400.8986211406591, 1.996000051498413, 505.3856266272778, -408.3986211406591, 6.956999778747559, 507.9676578772778, -410.1954961406591, 6.956999778747559, 510.6473453772778, -400.8986211406591, 6.956999778747559, 504.7059391272778, -396.7267461406591, 6.956999778747559, 493.9676578772778, -412.0392461406591, 6.956999778747559, 502.4871891272778, -418.0079961406591, 6.956999778747559, 493.9676578772778, -412.0392461406591, 6.957000255584717, 502.4871891272778, -418.0079961406591, 6.957000255584717], "f": [0, 1, 2, 0, 2, 3, 1, 4, 2, 2, 4, 5, 3, 2, 6, 3, 6, 7, 6, 5, 8, 6, 2, 5, 5, 4, 9, 5, 9, 8, 4, 1, 10, 4, 10, 9, 10, 0, 11, 10, 1, 0, 11, 3, 7, 11, 0, 3, 9, 12, 6, 9, 6, 8, 6, 12, 13, 7, 6, 13]}, "centroids": [[502.6016742017746, -407.68456450503436, 1.996000051498413]]}, "mtl": {"idx": 0}}, {"geom": {"triangles": {"v": [-1067.1534358727222, 883.6482538593409, 0.5370000004768372, -1067.2393733727222, 901.7420038593409, 0.5370000004768372, -1064.7471858727222, 902.4138788593409, 0.5370000004768372, -1059.0323421227222, 883.6951288593409, 0.5370000004768372, -1058.5089046227222, 902.4295038593409, 0.5370000004768372, -1064.7510921227222, 903.0232538593409, 0.5370000004768372, -1058.5089046227222, 902.4295038593409, 4.169000148773193, -1059.0323421227222, 883.6951288593409, 4.169000148773193, -1064.7510921227222, 903.0232538593409, 4.169000148773193, -1064.7471858727222, 902.4138788593409, 4.169000148773193, -1067.2393733727222, 901.7420038593409, 4.169000148773193, -1067.1534358727222, 883.6482538593409, 4.169000148773193], "f": [0, 1, 2, 0, 2, 3, 3, 2, 4, 2, 5, 4, 6, 7, 3, 6, 3, 4, 5, 6, 4, 5, 8, 6, 8, 2, 9, 8, 5, 2, 1, 9, 2, 1, 10, 9, 10, 0, 11, 10, 1, 0, 11, 3, 7, 11, 0, 3, 9, 10, 11, 7, 9, 11, 9, 7, 6, 8, 9, 6]}, "centroids": [[-1062.9619279099352, 893.2256653525692, 0.5370000004768372]]}, "mtl": {"idx": 0}}], "featureCount": 2, "startIndex": 4300}