{"type": "block", "layer": 7, "block": 73, "features": [{"geom": {"triangles": {"v": [707.533203125, 9.046875, 1.2610000371932983, 708.384765625, 14.453125, 1.2610000371932983, 717.865234375, 7.421875, 1.2610000371932983, 718.716796875, 12.828125, 1.2610000371932983, 708.384765625, 14.453125, 7.918499946594238, 718.716796875, 12.828125, 7.918499946594238, 707.533203125, 9.046875, 7.918499946594238, 717.865234375, 7.421875, 7.918499946594238], "f": [0, 1, 2, 2, 1, 3, 3, 1, 4, 3, 4, 5, 1, 0, 6, 1, 6, 4, 7, 6, 0, 7, 0, 2, 7, 3, 5, 7, 2, 3, 4, 6, 7, 4, 7, 5]}, "centroids": [[713.1248437277391, 10.936878879467258, 1.2610000371932983]]}, "mtl": {"idx": 0}}, {"geom": {"triangles": {"v": [707.134765625, 12.640625, 1.1820000410079956, 698.994140625, 14.1875, 1.1820000410079956, 707.712890625, 14.984375, 1.1820000410079956, 702.724609375, 33.609375, 1.1820000410079956, 712.341796875, 31.765625, 1.1820000410079956, 709.095703125, 14.828125, 1.1820000410079956, 702.724609375, 33.609375, 5.845000267028809, 698.994140625, 14.1875, 5.845000267028809, 707.134765625, 12.640625, 5.845000267028809, 707.712890625, 14.984375, 5.845000267028809, 709.095703125, 14.828125, 5.845000267028809, 712.341796875, 31.765625, 5.845000267028809], "f": [0, 1, 2, 1, 3, 2, 2, 3, 4, 5, 2, 4, 1, 6, 3, 1, 7, 6, 7, 0, 8, 7, 1, 0, 8, 2, 9, 8, 0, 2, 10, 9, 2, 10, 2, 5, 10, 4, 11, 10, 5, 4, 3, 11, 4, 3, 6, 11, 9, 6, 7, 11, 6, 9, 11, 9, 10, 9, 7, 8]}, "centroids": [[705.6231740114963, 23.152742597449105, 1.1820000410079956]]}, "mtl": {"idx": 0}}, {"geom": {"triangles": {"v": [593.634765625, 23.421875, 1.13100004196167, 598.294921875, 36.359375, 1.13100004196167, 603.103515625, 20.015625, 1.13100004196167, 607.763671875, 32.953125, 1.13100004196167, 598.294921875, 36.359375, 5.53000020980835, 593.634765625, 23.421875, 5.53000020980835, 603.103515625, 20.015625, 5.53000020980835, 607.763671875, 32.953125, 5.53000020980835], "f": [0, 1, 2, 2, 1, 3, 0, 4, 1, 0, 5, 4, 5, 2, 6, 5, 0, 2, 6, 3, 7, 6, 2, 3, 1, 7, 3, 1, 4, 7, 4, 5, 6, 7, 4, 6]}, "centroids": [[600.6996078003358, 28.186448400403606, 1.13100004196167]]}, "mtl": {"idx": 0}}, {"geom": {"triangles": {"v": [693.365234375, 24.296875, 1.0759999752044678, 695.423828125, 34.90625, 1.0759999752044678, 698.853515625, 23.234375, 1.0759999752044678, 700.916015625, 33.84375, 1.0759999752044678, 695.423828125, 34.90625, 4.076000213623047, 693.365234375, 24.296875, 4.076000213623047, 698.853515625, 23.234375, 4.076000213623047, 700.916015625, 33.84375, 4.076000213623047], "f": [0, 1, 2, 2, 1, 3, 0, 4, 1, 0, 5, 4, 5, 2, 6, 5, 0, 2, 6, 3, 7, 6, 2, 3, 1, 7, 3, 1, 4, 7, 4, 5, 6, 4, 6, 7]}, "centroids": [[697.1392974671253, 29.0662162884837, 1.0759999752044678]]}, "mtl": {"idx": 0}}, {"geom": {"triangles": {"v": [714.916015625, 26.046875, 1.003999948501587, 716.314453125, 33.46875, 1.003999948501587, 723.873046875, 24.4375, 1.003999948501587, 725.623046875, 31.859375, 1.003999948501587, 725.623046875, 31.859375, 4.953999996185303, 716.314453125, 33.46875, 4.953999996185303, 714.916015625, 26.046875, 4.953999996185303, 723.873046875, 24.4375, 4.953999996185303], "f": [0, 1, 2, 2, 1, 3, 1, 4, 3, 1, 5, 4, 0, 5, 1, 0, 6, 5, 6, 2, 7, 6, 0, 2, 7, 3, 4, 7, 2, 3, 5, 6, 7, 5, 7, 4]}, "centroids": [[720.1909757720787, 28.97421699750703, 1.003999948501587]]}, "mtl": {"idx": 0}}, {"geom": {"triangles": {"v": [618.974609375, 27.6875, 0.9399999976158142, 612.603515625, 28.796875, 0.9399999976158142, 620.654296875, 37.40625, 0.9399999976158142, 614.283203125, 38.5, 0.9399999976158142, 618.974609375, 27.6875, 6.016000270843506, 620.654296875, 37.40625, 6.016000270843506, 614.283203125, 38.5, 6.016000270843506, 612.603515625, 28.796875, 6.016000270843506], "f": [0, 1, 2, 1, 3, 2, 4, 2, 5, 4, 0, 2, 3, 5, 2, 3, 6, 5, 1, 6, 3, 1, 7, 6, 7, 0, 4, 7, 1, 0, 6, 7, 5, 7, 4, 5]}, "centroids": [[616.6290887367286, 33.09686522500124, 0.9399999976158142]]}, "mtl": {"idx": 0}}, {"geom": {"triangles": {"v": [607.302734375, 33.546875, 1.1100000143051147, 593.435546875, 38.765625, 1.1100000143051147, 609.533203125, 39.453125, 1.1100000143051147, 595.654296875, 44.6875, 1.1100000143051147, 607.302734375, 33.546875, 7.864500045776367, 593.435546875, 38.765625, 7.864500045776367, 609.533203125, 39.453125, 7.864500045776367, 595.654296875, 44.6875, 7.864500045776367], "f": [0, 1, 2, 1, 3, 2, 4, 5, 1, 4, 1, 0, 4, 2, 6, 4, 0, 2, 3, 6, 2, 3, 7, 6, 3, 1, 5, 3, 5, 7, 6, 7, 5, 6, 5, 4]}, "centroids": [[601.4806779066639, 39.109524812112795, 1.1100000143051147]]}, "mtl": {"idx": 0}}, {"geom": {"triangles": {"v": [607.353515625, 43.328125, 1.0180000066757202, 605.275390625, 43.59375, 1.0180000066757202, 606.095703125, 49.890625, 1.0180000066757202, 608.744140625, 49.546875, 1.0180000066757202, 615.255859375, 48.828125, 1.0180000066757202, 614.037109375, 40.140625, 1.0180000066757202, 607.134765625, 41.234375, 1.0180000066757202, 608.783203125, 49.828125, 1.0180000066757202, 605.275390625, 43.59375, 4.735499858856201, 607.353515625, 43.328125, 4.735499858856201, 607.134765625, 41.234375, 4.735499858856201, 614.037109375, 40.140625, 4.735499858856201, 615.255859375, 48.828125, 4.735499858856201, 608.783203125, 49.828125, 4.735499858856201, 608.744140625, 49.546875, 4.735499858856201, 606.095703125, 49.890625, 4.735499858856201], "f": [0, 1, 2, 3, 0, 2, 4, 0, 3, 5, 0, 4, 6, 0, 5, 3, 7, 4, 8, 0, 9, 8, 1, 0, 0, 6, 10, 0, 10, 9, 10, 5, 11, 10, 6, 5, 12, 11, 5, 12, 5, 4, 7, 12, 4, 7, 13, 12, 3, 13, 7, 3, 14, 13, 2, 14, 3, 2, 15, 14, 1, 15, 2, 1, 8, 15, 15, 8, 9, 15, 9, 14, 14, 9, 12, 13, 14, 12, 9, 11, 12, 9, 10, 11]}, "centroids": [[610.3736983070339, 45.31117218377767, 1.0180000066757202]]}, "mtl": {"idx": 0}}, {"geom": {"triangles": {"v": [620.634765625, 41.71875, 0.9509999752044678, 615.705078125, 42.828125, 0.9509999752044678, 621.865234375, 47.234375, 0.9509999752044678, 616.943359375, 48.34375, 0.9509999752044678, 615.705078125, 42.828125, 6.447484016418457, 616.943359375, 48.34375, 6.447484016418457, 620.634765625, 41.71875, 6.447484016418457, 621.865234375, 47.234375, 6.447484016418457, 621.865234375, 47.234375, 6.447483539581299, 620.634765625, 41.71875, 6.447483539581299], "f": [0, 1, 2, 2, 1, 3, 3, 1, 4, 3, 4, 5, 4, 0, 6, 4, 1, 0, 6, 2, 7, 6, 0, 2, 2, 3, 5, 2, 5, 7, 5, 4, 8, 4, 9, 8]}, "centroids": [[618.7876904604709, 45.033529992593685, 0.9509999752044678]]}, "mtl": {"idx": 0}}, {"geom": {"triangles": {"v": [645.345703125, 44.875, 0.8870000243186951, 636.552734375, 45.640625, 0.8870000243186951, 646.353515625, 56.46875, 0.8870000243186951, 637.564453125, 57.234375, 0.8870000243186951, 646.353515625, 56.46875, 4.690499782562256, 645.345703125, 44.875, 4.690499782562256, 637.564453125, 57.234375, 4.690499782562256, 636.552734375, 45.640625, 4.690499782562256], "f": [0, 1, 2, 1, 3, 2, 4, 5, 0, 4, 0, 2, 3, 4, 2, 3, 6, 4, 1, 6, 3, 1, 7, 6, 5, 7, 1, 5, 1, 0, 6, 7, 4, 7, 5, 4]}, "centroids": [[641.4539796507088, 51.0560142271861, 0.8870000243186951]]}, "mtl": {"idx": 0}}, {"geom": {"triangles": {"v": [730.974609375, 52.03125, 0.7450000047683716, 731.654296875, 57.453125, 0.7450000047683716, 741.443359375, 50.71875, 0.7450000047683716, 742.123046875, 56.140625, 0.7450000047683716, 742.123046875, 56.140625, 5.087500095367432, 731.654296875, 57.453125, 5.087500095367432, 730.974609375, 52.03125, 5.087500095367432, 741.443359375, 50.71875, 5.087500095367432], "f": [0, 1, 2, 2, 1, 3, 1, 4, 3, 1, 5, 4, 0, 5, 1, 0, 6, 5, 6, 2, 7, 6, 0, 2, 7, 3, 4, 7, 2, 3, 5, 6, 7, 5, 7, 4]}, "centroids": [[736.5494431398693, 54.08772899815813, 0.7450000047683716]]}, "mtl": {"idx": 0}}, {"geom": {"triangles": {"v": [624.392578125, 51.0625, 0.9330000281333923, 616.423828125, 52.734375, 0.9330000281333923, 625.521484375, 57.03125, 0.9330000281333923, 617.552734375, 58.6875, 0.9330000281333923, 616.423828125, 52.734375, 3.955000162124634, 624.392578125, 51.0625, 3.955000162124634, 625.521484375, 57.03125, 3.955000162124634, 617.552734375, 58.6875, 3.955000162124634],