{"type": "block", "layer": 7, "block": 75, "features": [{"geom": {"triangles": {"v": [2118.486328125, -760.09375, 1.2860000133514404, 2114.185546875, -751.09375, 1.2860000133514404, 2127.568359375, -744.703125, 1.2860000133514404, 2134.095703125, -752.65625, 1.2860000133514404, 2134.095703125, -752.65625, 5.23900032043457, 2127.568359375, -744.703125, 5.23900032043457, 2114.185546875, -751.09375, 5.23900032043457, 2118.486328125, -760.09375, 5.23900032043457], "f": [0, 1, 2, 0, 2, 3, 2, 4, 3, 2, 5, 4, 1, 5, 2, 1, 6, 5, 6, 0, 7, 6, 1, 0, 7, 3, 4, 7, 0, 3, 6, 7, 5, 5, 7, 4]}, "centroids": [[2123.655717907219, -752.2463079571316, 1.2860000133514404]]}, "mtl": {"idx": 0}}, {"geom": {"triangles": {"v": [2093.076171875, -757.484375, 1.065000057220459, 2088.119140625, -745.640625, 1.065000057220459, 2101.236328125, -746.28125, 1.065000057220459, 2108.197265625, -748.53125, 1.065000057220459, 2106.369140625, -744.140625, 1.065000057220459, 2099.056640625, -741.0625, 1.065000057220459, 2093.076171875, -757.484375, 5.329500198364258, 2108.197265625, -748.53125, 5.329500198364258, 2106.369140625, -744.140625, 5.329500198364258, 2101.236328125, -746.28125, 5.329500198364258, 2099.056640625, -741.0625, 5.329500198364258, 2088.119140625, -745.640625, 5.329500198364258], "f": [0, 1, 2, 0, 2, 3, 2, 4, 3, 1, 5, 2, 6, 3, 7, 6, 0, 3, 3, 4, 8, 3, 8, 7, 4, 2, 9, 4, 9, 8, 5, 9, 2, 5, 10, 9, 1, 10, 5, 1, 11, 10, 11, 0, 6, 11, 1, 0, 10, 11, 9, 11, 6, 9, 9, 6, 7, 8, 9, 7]}, "centroids": [[2097.2804430098186, -748.7307256903732, 1.065000057220459]]}, "mtl": {"idx": 0}}, {"geom": {"triangles": {"v": [2178.345703125, -755.46875, 0.7110000252723694, 2179.826171875, -742.21875, 0.7110000252723694, 2188.208984375, -756.578125, 0.7110000252723694, 2189.689453125, -743.3125, 0.7110000252723694, 2188.208984375, -756.578125, 5.793499946594238, 2189.689453125, -743.3125, 5.793499946594238, 2179.826171875, -742.21875, 5.793499946594238, 2178.345703125, -755.46875, 5.793499946594238], "f": [0, 1, 2, 2, 1, 3, 4, 3, 5, 4, 2, 3, 3, 1, 6, 3, 6, 5, 0, 6, 1, 0, 7, 6, 7, 2, 4, 7, 0, 2, 6, 7, 4, 5, 6, 4]}, "centroids": [[2184.017651114227, -749.3960594632954, 0.7110000252723694]]}, "mtl": {"idx": 0}}, {"geom": {"triangles": {"v": [2030.658203125, -744.5625, 1.6990000009536743, 2034.017578125, -740.53125, 1.6990000009536743, 2036.658203125, -745.1875, 1.6990000009536743, 2031.107421875, -740.21875, 1.6990000009536743, 2043.439453125, -735.21875, 1.6990000009536743, 2042.248046875, -746.640625, 1.6990000009536743, 2036.568359375, -746.046875, 1.6990000009536743, 2034.658203125, -734.3125, 1.6990000009536743, 2034.658203125, -734.3125, 6.621500015258789, 2034.017578125, -740.53125, 6.621500015258789, 2031.107421875, -740.21875, 6.621500015258789, 2030.658203125, -744.5625, 6.621500015258789, 2036.658203125, -745.1875, 6.621500015258789, 2036.568359375, -746.046875, 6.621500015258789, 2042.248046875, -746.640625, 6.621500015258789, 2043.439453125, -735.21875, 6.621500015258789], "f": [0, 1, 2, 0, 3, 1, 2, 1, 4, 5, 2, 4, 6, 2, 5, 1, 7, 4, 1, 8, 7, 1, 9, 8, 1, 3, 10, 1, 10, 9, 3, 0, 11, 3, 11, 10, 11, 2, 12, 11, 0, 2, 2, 6, 13, 2, 13, 12, 13, 5, 14, 13, 6, 5, 14, 4, 15, 14, 5, 4, 7, 15, 4, 7, 8, 15, 10, 11, 9, 9, 11, 12, 9, 12, 15, 8, 9, 15, 12, 14, 15, 12, 13, 14]}, "centroids": [[2037.8346837124554, -740.5915818284557, 1.6990000009536743]]}, "mtl": {"idx": 0}}, {"geom": {"triangles": {"v": [2119.837890625, -741.96875, 1.1089999675750732, 2116.037109375, -737.703125, 1.1089999675750732, 2122.947265625, -739.203125, 1.1089999675750732, 2119.146484375, -734.921875, 1.1089999675750732, 2116.037109375, -737.703125, 4.109000205993652, 2119.837890625, -741.96875, 4.109000205993652, 2122.947265625, -739.203125, 4.109000205993652, 2119.146484375, -734.921875, 4.109000205993652, 2122.947265625, -739.203125, 4.108999729156494], "f": [0, 1, 2, 1, 3, 2, 4, 0, 5, 4, 1, 0, 6, 5, 0, 6, 0, 2, 3, 6, 2, 3, 7, 6, 3, 1, 4, 3, 4, 7, 7, 4, 8, 4, 5, 8]}, "centroids": [[2119.492925990293, -738.4464973789582, 1.1089999675750732]]}, "mtl": {"idx": 0}}, {"geom": {"triangles": {"v": [2077.208984375, -732.4375, 1.3259999752044678, 2069.576171875, -738.703125, 1.3259999752044678, 2069.466796875, -725.671875, 1.3259999752044678, 2077.255859375, -738.640625, 1.3259999752044678, 2074.826171875, -725.609375, 1.3259999752044678, 2080.896484375, -732.390625, 1.3259999752044678, 2080.818359375, -723.109375, 1.3259999752044678, 2074.806640625, -723.171875, 1.3259999752044678, 2074.806640625, -723.171875, 5.597499847412109, 2080.818359375, -723.109375, 5.597499847412109, 2074.826171875, -725.609375, 5.597499847412109, 2069.466796875, -725.671875, 5.597499847412109, 2069.576171875, -738.703125, 5.597499847412109, 2077.255859375, -738.640625, 5.597499847412109, 2077.208984375, -732.4375, 5.597499847412109, 2080.896484375, -732.390625, 5.597499847412109], "f": [0, 1, 2, 1, 0, 3, 0, 2, 4, 0, 4, 5, 4, 6, 5, 4, 7, 6, 6, 7, 8, 6, 8, 9, 8, 4, 10, 8, 7, 4, 4, 2, 11, 4, 11, 10, 11, 1, 12, 11, 2, 1, 12, 3, 13, 12, 1, 3, 3, 0, 14, 3, 14, 13, 14, 5, 15, 14, 0, 5, 6, 15, 5, 6, 9, 15, 10, 11, 14, 15, 10, 14, 9, 10, 15, 8, 10, 9, 11, 12, 14, 14, 12, 13]}, "centroids": [[2074.8511140500996, -730.7644110767287, 1.3259999752044678]]}, "mtl": {"idx": 0}}, {"geom": {"triangles": {"v": [2034.958984375, -714.921875, 1.1610000133514404, 2035.455078125, -714.890625, 1.1610000133514404, 2035.724609375, -725.796875, 1.1610000133514404, 2041.919921875, -725.359375, 1.1610000133514404, 2041.916015625, -712.96875, 1.1610000133514404, 2035.107421875, -709.96875, 1.1610000133514404, 2041.677734375, -709.5, 1.1610000133514404, 2051.830078125, -712.265625, 1.1610000133514404, 2052.896484375, -727.34375, 1.1610000133514404, 2042.115234375, -728.125, 1.1610000133514404, 2051.830078125, -712.265625, 8.35099983215332, 2041.916015625, -712.96875, 8.35099983215332, 2041.677734375, -709.5, 8.35099983215332, 2035.107421875, -709.96875, 8.35099983215332, 2035.455078125, -714.890625, 8.35099983215332, 2034.958984375, -714.921875, 8.35099983215332, 2035.724609375, -725.796875, 8.35099983215332, 2041.919921875, -725.359375, 8.35099983215332, 2042.115234375, -728.125, 8.35099983215332, 2052.896484375, -727.34375, 8.35099983215332], "f": [0, 1, 2, 2, 1, 3, 1, 4, 3, 1, 5, 4, 5, 6, 4, 3, 4, 7, 3, 7, 8, 9, 3, 8, 4, 10, 7, 4, 11, 10, 6, 11, 4, 6, 12, 11, 5, 12, 6, 5, 13, 12, 13, 1, 14, 13, 5, 1, 1, 0, 15, 1, 15, 14, 15, 2, 16, 15, 0, 2, 16, 3, 17, 16, 2, 3, 17, 9, 18, 17, 3, 9, 18, 8, 19, 18, 9, 8, 7, 19, 8, 7, 10, 19, 14, 15, 16, 17, 14, 16, 11, 14, 17, 13, 14, 11, 12, 13, 11, 11, 17, 10, 10, 17, 19, 19, 17, 18]}, "centroids": [[2043.756343497742, -719.2202184612397, 1.1610000133514404]]}, "mtl": {"idx": 0}}, {"geom": {"triangles": {"v": [2065.455078125, -716.203125, 1.2899999618530273, 2057.978515625, -716.140625, 1.2899999618530273, 2058.056640625, -704.421875, 1.2899999618530273, 2067.810546875, -704.5, 1.2899999618530273, 2071.017578125, -715.9375, 1.2899999618530273, 2070.998046875, -718.203125, 1.2899999618530273, 2065.447265625, -718.171875, 1.2899999618530273, 2076.009765625, -703.671875, 1.2899999618530273, 2075.916015625, -715.984375, 1.2899999618530273, 2067.814453125, -703.609375, 1.2899999618530273, 2076.009765625, -703.671875, 7.787499904632568, 2067.814453125, -703.609375, 7.787499904632568, 2067.810546875, -704.5, 7.787499904632568, 2058.056640625, -704.421875, 7.787499904632568, 2057.978515625, -716.140625, 7.787499904632568, 2065.455078125, -716.203125, 7.787499904632568, 2065.447265625, -718.171875, 7.787499904632568, 2070.998046875, -718.203125, 7.787499904632568, 2071.017578125, -715.9375, 7.787499904632568, 2075.916015625, -715.984375, 7.787499904632568],