{"type": "block", "layer": 9, "block": 157, "features": [{"geom": {"triangles": {"v": [1293.333984375, 1494.109375, 0.5, 1290.373046875, 1485.609375, 0.5, 1303.025390625, 1490.46875, 0.5, 1300.474609375, 1482.203125, 0.5, 1308.833984375, 1488.515625, 0.5, 1316.154296875, 1477.59375, 0.5, 1319.853515625, 1485.265625, 0.5, 1319.705078125, 1476.5625, 0.5, 1336.326171875, 1480.5, 0.5, 1333.041015625, 1472.703125, 0.5, 1334.212890625, 1472.375, 0.5, 1336.583984375, 1480.421875, 0.5, 1359.822265625, 1473.4375, 0.5, 1361.302734375, 1464.234375, 0.5, 1363.705078125, 1472.28125, 0.5, 1362.458984375, 1463.890625, 0.5, 1391.994140625, 1463.921875, 0.5, 1389.583984375, 1455.875, 0.5, 1405.724609375, 1450.984375, 0.5, 1408.982421875, 1458.78125, 0.5], "f": [0, 1, 2, 1, 3, 2, 2, 3, 4, 4, 3, 5, 4, 5, 6, 5, 7, 6, 8, 6, 7, 8, 7, 9, 9, 10, 8, 8, 10, 11, 11, 10, 12, 12, 10, 13, 14, 12, 13, 13, 15, 14, 16, 14, 15, 16, 15, 17, 16, 17, 18, 16, 18, 19]}, "centroids": [[1349.2670777828243, 1472.2333969037572, 0.5]]}, "mtl": {"idx": 0}}, {"geom": {"triangles": {"v": [1298.412109375, 1752.234375, 0.5, 1297.365234375, 1748.375, 0.5, 1300.814453125, 1746.5625, 0.5, 1303.232421875, 1750.921875, 0.5, 1303.724609375, 1755.28125, 0.5, 1299.712890625, 1756.0625, 0.5, 1300.384765625, 1756.453125, 0.5, 1303.642578125, 1756.265625, 0.5, 1300.775390625, 1757.140625, 0.5, 1297.814453125, 1753.1875, 0.5, 1298.783203125, 1756.03125, 0.5, 1304.185546875, 1754.609375, 0.5, 1303.931640625, 1751.328125, 0.5, 1304.873046875, 1754.171875, 0.5, 1302.193359375, 1747.0625, 0.5, 1297.943359375, 1747.4375, 0.5], "f": [0, 1, 2, 3, 0, 2, 4, 0, 3, 4, 5, 0, 4, 6, 5, 7, 6, 4, 8, 6, 7, 0, 5, 9, 10, 9, 5, 11, 4, 3, 3, 12, 11, 11, 12, 13, 3, 2, 14, 2, 1, 15]}, "centroids": [[1300.879861210924, 1751.8957658194122, 0.5]]}, "mtl": {"idx": 0}}, {"geom": {"triangles": {"v": [1307.474609375, 1566.03125, 0.5, 1304.423828125, 1567.921875, 0.5, 1303.923828125, 1566.0625, 0.5, 1308.962890625, 1570.875, 0.5, 1307.240234375, 1572.046875, 0.5, 1306.654296875, 1564.875, 0.5], "f": [0, 1, 2, 1, 0, 3, 4, 1, 3, 0, 2, 5]}, "centroids": [[1306.546406571375, 1568.2663371603703, 0.5]]}, "mtl": {"idx": 0}}, {"geom": {"triangles": {"v": [1335.779296875, 1560.125, 0.5, 1333.974609375, 1555.46875, 0.5, 1337.583984375, 1554.078125, 0.5, 1339.384765625, 1558.734375, 0.5, 1334.123046875, 1554.484375, 0.5, 1336.962890625, 1553.5, 0.5], "f": [0, 1, 2, 0, 2, 3, 4, 2, 1, 2, 4, 5]}, "centroids": [[1336.5469550967682, 1556.7622601197218, 0.5]]}, "mtl": {"idx": 0}}, {"geom": {"triangles": {"v": [1380.376953125, 1605.6875, 0.5, 1364.193359375, 1551.5625, 0.5, 1385.076171875, 1600.4375, 0.5, 1389.955078125, 1616.765625, 0.5, 1384.201171875, 1618.484375, 0.5, 1369.943359375, 1549.84375, 0.5], "f": [0, 1, 2, 0, 2, 3, 4, 0, 3, 1, 5, 2]}, "centroids": [[1377.073705154493, 1584.166513453296, 0.5]]}, "mtl": {"idx": 0}}, {"geom": {"triangles": {"v": [1385.533203125, 1622.9375, 0.5, 1391.283203125, 1621.21875, 0.5, 1395.412109375, 1655.96875, 0.5, 1401.708984375, 1656.09375, 0.5, 1412.525390625, 1713.21875, 0.5, 1417.884765625, 1710.1875, 0.5, 1418.474609375, 1711.4375, 0.5], "f": [0, 1, 2, 3, 2, 1, 2, 3, 4, 4, 3, 5, 4, 5, 6]}, "centroids": [[1401.9080599744266, 1667.2261548102833, 0.5]]}, "mtl": {"idx": 0}}, {"geom": {"triangles": {"v": [1253.294921875, 1511.734375, 0.5, 1249.697265625, 1503.921875, 0.5, 1256.115234375, 1510.5, 0.5, 1253.833984375, 1502.015625, 0.5, 1261.794921875, 1508.015625, 0.5, 1260.001953125, 1499.3125, 0.5, 1272.443359375, 1503.3125, 0.5, 1275.994140625, 1501.703125, 0.5, 1287.041015625, 1487.484375, 0.5, 1290.759765625, 1495.234375, 0.5, 1287.314453125, 1487.359375, 0.5], "f": [0, 1, 2, 1, 3, 2, 2, 3, 4, 3, 5, 4, 4, 5, 6, 6, 5, 7, 7, 5, 8, 7, 8, 9, 8, 10, 9]}, "centroids": [[1270.2211523300648, 1499.5576041337918, 0.5]]}, "mtl": {"idx": 0}}, {"geom": {"triangles": {"v": [1210.115234375, 1536.953125, 0.5, 1204.783203125, 1529.5, 0.5, 1210.345703125, 1536.765625, 0.5, 1209.283203125, 1526.28125, 0.5, 1216.181640625, 1532.015625, 0.5, 1216.341796875, 1521.578125, 0.5, 1220.162109375, 1529.15625, 0.5, 1223.642578125, 1527.09375, 0.5, 1222.904296875, 1517.546875, 0.5, 1227.275390625, 1525.296875, 0.5, 1223.013671875, 1517.484375, 0.5, 1223.892578125, 1517.0, 0.5, 1232.244140625, 1522.515625, 0.5, 1228.185546875, 1514.59375, 0.5, 1235.205078125, 1520.875, 0.5, 1231.025390625, 1513.015625, 0.5, 1238.244140625, 1509.359375, 0.5, 1242.251953125, 1517.3125, 0.5], "f": [0, 1, 2, 1, 3, 2, 2, 3, 4, 4, 3, 5, 6, 4, 5, 6, 5, 7, 7, 5, 8, 9, 7, 8, 8, 10, 9, 10, 11, 9, 9, 11, 12, 11, 13, 12, 12, 13, 14, 13, 15, 14, 14, 15, 16, 17, 14, 16]}, "centroids": [[1223.5280037934353, 1522.6435023338126, 0.5]]}, "mtl": {"idx": 0}}, {"geom": {"triangles": {"v": [1156.142578125, 1588.5, 0.5, 1150.904296875, 1583.265625, 0.5, 1158.435546875, 1585.5625, 0.5, 1167.365234375, 1590.859375, 0.5, 1166.205078125, 1594.484375, 0.5, 1179.404296875, 1602.59375, 0.5, 1179.462890625, 1607.40625, 0.5, 1181.615234375, 1608.3125, 0.5, 1185.603515625, 1608.421875, 0.5, 1185.560546875, 1611.8125, 0.5, 1187.857421875, 1609.90625, 0.5, 1189.642578125, 1615.4375, 0.5, 1192.955078125, 1613.265625, 0.5, 1193.072265625, 1618.28125, 0.5, 1199.955078125, 1617.6875, 0.5, 1197.072265625, 1621.921875, 0.5, 1199.103515625, 1622.421875, 0.5, 1201.384765625, 1619.125, 0.5, 1202.302734375, 1620.046875, 0.5, 1201.384765625, 1625.046875, 0.5, 1202.302734375, 1626.109375, 0.5, 1219.724609375, 1641.703125, 0.5, 1216.763671875, 1644.078125, 0.5, 1153.525390625, 1580.640625, 0.5], "f": [0, 1, 2, 3, 0, 2, 4, 0, 3, 4, 3, 5, 4, 5, 6, 7, 6, 5, 5, 8, 7, 9, 7, 8, 9, 8, 10, 9, 10, 11, 11, 10, 12, 11, 12, 13, 13, 12, 14, 15, 13, 14, 16, 15, 14, 17, 16, 14, 16, 17, 18, 19, 16, 18, 20, 19, 18, 20, 18, 21, 22, 20, 21, 2, 1, 23]}, "centroids": [[1187.21369909028, 1611.7021663763153, 0.5]]}, "mtl": {"idx": 0}}, {"geom": {"triangles": {"v": [1208.044921875, 1539.265625, 0.5, 1207.884765625, 1539.015625, 0.5, 1210.279296875, 1537.203125, 0.5, 1229.013671875, 1565.875, 0.5, 1227.119140625, 1568.453125, 0.5, 1229.294921875, 1566.296875, 0.5, 1227.873046875, 1569.609375, 0.5, 1236.814453125, 1567.953125, 0.5, 1238.181640625, 1564.65625, 0.5, 1254.033203125, 1587.78125, 0.5, 1251.501953125, 1589.390625, 0.5, 1252.841796875, 1591.640625, 0.5, 1255.685546875, 1590.53125, 0.5, 1258.923828125, 1606.0625, 0.5, 1256.732421875, 1610.265625, 0.5, 1256.794921875, 1610.5625, 0.5, 1210.115234375, 1536.953125, 0.5], "f": [0, 1, 2, 0, 2, 3, 4, 0, 3, 4, 3, 5, 6, 4, 5, 6, 5, 7, 7, 5, 8, 7, 8, 9, 10, 7, 9, 11, 10, 9, 12, 11, 9, 11, 12, 13, 14, 11, 13, 15, 14, 13, 1, 16, 2]}, "centroids": [[1236.088606475474, 1571.5982033672044, 0.5]]}, "mtl": {"idx": 0}}, {"geom": {"triangles": {"v": [1121.775390625, 1650.96875, 0.5, 1105.314453125, 1631.03125, 0.5, 1125.634765625, 1647.78125, 0.5, 1128.845703125, 1652.546875, 0.5, 1124.775390625, 1655.109375, 0.5, 1128.392578125, 1660.125, 0.5, 1132.123046875, 1657.421875, 0.5, 1133.923828125, 1667.765625, 0.5, 1137.654296875, 1665.046875, 0.5, 1109.162109375, 1627.84375, 0.5], "f": [0, 1, 2, 0, 2, 3, 4, 0, 3, 5, 4, 3, 5, 3, 6, 5, 6, 7, 7, 6, 8, 1, 9, 2]}, "centroids": [[1121.5890684368496, 1647.3540847719123, 0.5]]},